Workbook

Sheet Electrical Load_Frame-1
D1: Efficiency | E1: 0.8 | G1: CYBERNETIK
D2: Power Factor | E2: 0.5 | G2: Total KW | H2: =SUM(H25,H32) -> 19.52
D3: Line to Line Voltage | E3: 480 | G3: Total HP | H3: =(H2/$E$5) -> 26.16622
D4: Single Phase voltage | E4: 120 | G4: Total Amp | H4: =(H2*1000)/(1.73*$E$3*$E$2) -> 47.013487
D5: KW to HP Conversion | E5: 0.746 | G5: Design Total KW | H5: =H2*$E$6 -> 24.4
D6: Design Factor | E6: 1.25 | G6: Design Total HP | H6: =H3*$E$6 -> 32.707775
D7: KVA to KW Conversion | E7: 0.8 | G7: Design Total Amp | H7: =H4*$E$6 -> 58.766859
D8: Robot Supply Transformer | E8: 230
B10: CYBERNETIK MACHINE
B11: Zone | C11: Sr. No | D11: Device | E11: Name | F11: DOL/VFD | G11: KW | H11: Total (KW) | I11: HP | J11: Amp
B12: Frame-1 | C12: 1 | D12: Tray Pusher Servo 01 | E12: TPS01 | F12: C3-SERVO | G12: 1.5 | H12: =G12 -> 1.5 | I12: =H12/$E$5 -> 2.0107239 | J12: 3
C13: 2 | D13: Plate Pusher Servo 01 | E13: PPS01 | F13: C3-SERVO | G13: 1.5 | H13: =G13 -> 1.5 | I13: =H13/$E$5 -> 2.0107239 | J13: 3
C14: 3 | D14: Plate Guide Servo 01 | E14: PGS01 | F14: C3-SERVO | G14: 1.5 | H14: =G14 -> 1.5 | I14: =H14/$E$5 -> 2.0107239 | J14: 3
C15: 4 | D15: Tray Pusher Servo 02 | E15: TPS02 | F15: C3-SERVO | G15: 1.5 | H15: =G15 -> 1.5 | I15: =H15/$E$5 -> 2.0107239 | J15: 3
C16: 5 | D16: Plate Pusher Servo 02 | E16: PPS02 | F16: C3-SERVO | G16: 1.5 | H16: =G16 -> 1.5 | I16: =H16/$E$5 -> 2.0107239 | J16: 3
C17: 6 | D17: Plate Guide Servo 02 | E17: PGS02 | F17: C3-SERVO | G17: 1.5 | H17: =G17 -> 1.5 | I17: =H17/$E$5 -> 2.0107239 | J17: 3
C18: 7 | D18: Plate Feeding Conveyor | E18: PFC01 | F18: PF525 | G18: 0.75 | H18: =G18 -> 0.75 | I18: =H18/$E$5 -> 1.0053619 | J18: =(H18*1000)/(1.732*$E$1*$E$2*$E$3) -> 2.2553406
C19: 8 | D19: Tray Feeding Conveyor | E19: TFC01 | F19: PF525 | G19: 0.75 | H19: =G19 -> 0.75 | I19: =H19/$E$5 -> 1.0053619 | J19: =(H19*1000)/(1.732*$E$1*$E$2*$E$3) -> 2.2553406
C20: 9 | D20: Printer Assembly Servo Slide | E20: PASS01 | F20: C5-SERVO | G20: 2.2 | H20: =G20 -> 2.2 | I20: =H20/$E$5 -> 2.9490617 | J20: =(H20*1000)/(1.732*$E$1*$E$2*$E$3) -> 6.6156659
B21: Frame-2 | C21: 10 | D21: Tray Insertion Servo Slide | E21: TIS01 | F21: C3-SERVO | G21: 1.5 | H21: =G21 -> 1.5 | I21: =H21/$E$5 -> 2.0107239 | J21: =(H21*1000)/(1.732*$E$1*$E$2*$E$3) -> 4.5106813
C22: 11 | D22: Sealing Conveyor | E22: SLC01 | F22: PF525 | G22: 0.75 | H22: =G22 -> 0.75 | I22: =H22/$E$5 -> 1.0053619 | J22: =(H22*1000)/(1.732*$E$1*$E$2*$E$3) -> 2.2553406
C23: 12 | D23: Vacuum Pump | E23: VPM01 | F23: DOL | G23: 0.37 | H23: =G23 -> 0.37 | I23: =H23/$E$5 -> 0.49597855 | J23: =(H23*1000)/(1.732*$E$1*$E$2*$E$3) -> 1.1126347
C24: 13 | D24: Bag Heat Sealer (Vacuum Pump + Sealer) | E24: BHS01 | F24: Supply | G24: 2.2 | H24: =G24 -> 2.2 | I24: =H24/$E$5 -> 2.9490617 | J24: =(H24*1000)/(1.732*$E$1*$E$2*$E$3) -> 6.6156659
C25: Total | G25: =SUM(G12:G24) -> 17.52 | H25: =SUM(H12:H24) -> 17.52 | I25: =SUM(I12:I24) -> 23.485255 | J25: =SUM(J12:J24) -> 43.62067
B26: Resistive Load
B27: Zone | C27: Sr. No | D27: Device | E27: Name | F27: KVA | G27: KW | H27: Total (KW) | I27: HP | J27: Amp
B28: Frame-1 Single Phase | C28: 1 | D28: Tray Transfer ROBOT | E28: TTR01 | G28: 0.5 | H28: =G28 -> 0.5 | I28: =H28/$E$5 -> 0.67024129 | J28: =(H28*1000/E8)/E1 -> 2.7173913
C29: 2 | D29: Plate Handling ROBOT-1 | E29: PHR01 | G29: 0.5 | H29: =G29 -> 0.5 | I29: =H29/$E$5 -> 0.67024129 | J29: =(H29*1000/E8)/E1 -> 2.7173913
C30: 3 | D30: Plate Handling ROBOT-2 | E30: PHR02 | G30: 0.5 | H30: =G30 -> 0.5 | I30: =H30/$E$5 -> 0.67024129 | J30: =(H30*1000/E8)/E1 -> 2.7173913
B31: Frame-2 Single Phase | C31: 4 | D31: Bag Transfer Robot | E31: BTR01 | G31: 0.5 | H31: =G31 -> 0.5 | I31: =H31/$E$5 -> 0.67024129 | J31: =(H31*1000/E8)/E1 -> 2.7173913
C32: Total | G32: =SUM(G28:G31) -> 2 | H32: =SUM(H28:H31) -> 2 | I32: =SUM(I28:I31) -> 2.6809651 | J32: =SUM(J28:J31) -> 10.869565
B33: Total Designed(1.25) | G33: =H5 -> 24.4 | H33: =H5 -> 24.4 | I33: =H6 -> 32.707775 | J33: =H7 -> 58.766859
B34: UPS Load
B35: Zone | C35: Sr. No | D35: Device | E35: Name | F35: KVA | G35: KW | H35: Total (KW) | I35: HP | J35: Amp | K35: S Amp
B36: Control & Utility | C36: 1 | D36: Control and Utility UPS | E36: UPS | F36: 3 | G36: 3 | H36: 3 | I36: =H36/$E$5 -> 4.0214477 | J36: =(H36*1000/E4)/E1 -> 31.25 | K36: =J36 -> 31.25
D37: (PLC, SCADA PC, I/O)
D38: Printer 01 Supply (100 Watt)
D39: Printer 02 Supply (100 Watt)
B40: Frame-1 Single Phase | D40: Bowl Feeder-1 Bowl Motor | E40: Transformer | G40: 1 | H40: =G40 -> 1 | I40: =H40/$E$5 -> 1.3404826 | J40: =(H40*1000/$E$8)/$E$5 -> 5.8281851 | K40: =J40 -> 5.8281851
D41: Bowl Feeder-1 Linear Motor | G41: 0.5 | H41: =G41 -> 0.5 | I41: =H41/$E$5 -> 0.67024129 | J41: =(H41*1000/$E$8)/$E$5 -> 2.9140926 | K41: =J41 -> 2.9140926
D42: Bowl Feeder-2 Bowl Motor | G42: 1 | H42: =G42 -> 1 | I42: =H42/$E$5 -> 1.3404826 | J42: =(H42*1000/$E$8)/$E$5 -> 5.8281851 | K42: =J42 -> 5.8281851
D43: Bowl Feeder-2 Linear Motor | G43: 0.5 | H43: =G43 -> 0.5 | I43: =H43/$E$5 -> 0.67024129 | J43: =(H43*1000/$E$8)/$E$5 -> 2.9140926 | K43: =J43 -> 2.9140926
B44: Frame-1 24 VDC | D44: Tray Stacker Servo 01 | E44: TST01 | F44: CMMT-ST | G44: 0.2 | H44: =G44 -> 0.2 | I44: =H44/$E$5 -> 0.26809651 | J44: =(H44*1000)/(1.732*$E$1*$E$2*$E$3) -> 0.60142417 | K44: 24VDC/8Amp | L44: Use 3phase to 24VDC SMPS as Stepper Motor of 24VDC
D45: Tray Stacker Servo 02 | E45: TST02 | F45: CMMT-ST | G45: 0.2 | H45: =G45 -> 0.2 | I45: =H45/$E$5 -> 0.26809651 | J45: =(H45*1000)/(1.732*$E$1*$E$2*$E$3) -> 0.60142417 | K45: 24VDC/8Amp | L45: Use 3phase to 24VDC SMPS as Stepper Motor of 24VDC
C46: Total | G46: =SUM(G36:G37) -> 3 | H46: =SUM(H36:H37) -> 3 | I46: =SUM(I36:I37) -> 4.0214477 | J46: =SUM(J36:J37) -> 31.25
K72: 2 Nodes

Sheet Electrical Load_Frame-2
D1: Efficiency | E1: 0.8 | G1: CYBERNETIK
D2: Power Factor | E2: 0.5 | G2: Total KW | H2: =SUM(H16,H20) -> 5.32
D3: Line to Line Voltage | E3: 480 | G3: Total HP | H3: =(H2/$E$5) -> 7.1313673
D4: Single Phase voltage | E4: 120 | G4: Total Amp | H4: =(H2*1000)/(1.73*$E$3*$E$2) -> 12.813102
D5: KW to HP Conversion | E5: 0.746 | G5: Design Total KW | H5: =H2*$E$6 -> 6.65
D6: Design Factor | E6: 1.25 | G6: Design Total HP | H6: =H3*$E$6 -> 8.9142091
D7: KVA to KW Conversion | E7: 0.8 | G7: Design Total Amp | H7: =H4*$E$6 -> 16.016378
D8: Robot Supply Transformer | E8: 230
B10: CYBERNETIK MACHINE
B11: Zone | C11: Sr. No | D11: Device | E11: Name | F11: DOL/VFD | G11: KW | H11: Total (KW) | I11: HP | J11: Amp
B12: Frame-2 | C12: 1 | D12: Tray Insertion Servo Slide | E12: TIS01 | F12: C3-SERVO | G12: 1.5 | H12: =G12 -> 1.5 | I12: =H12/$E$5 -> 2.0107239 | J12: 3
C13: 2 | D13: Sealing Conveyor | E13: SLC01 | F13: PF525 | G13: 0.75 | H13: =G13 -> 0.75 | I13: =H13/$E$5 -> 1.0053619 | J13: =(H13*1000)/(1.732*$E$1*$E$2*$E$3) -> 2.2553406
C14: 3 | D14: Vacuum Pump | E14: VPM01 | F14: DOL | G14: 0.37 | H14: =G14 -> 0.37 | I14: =H14/$E$5 -> 0.49597855 | J14: =(H14*1000)/(1.732*$E$1*$E$2*$E$3) -> 1.1126347
C15: 4 | D15: Bag Heat Sealer (Vacuum Pump + Sealer) | E15: BHS01 | F15: Supply | G15: 2.2 | H15: =G15 -> 2.2 | I15: =H15/$E$5 -> 2.9490617 | J15: =(H15*1000)/(1.732*$E$1*$E$2*$E$3) -> 6.6156659
C16: Total | G16: =SUM(G12:G15) -> 4.82 | H16: =SUM(H12:H15) -> 4.82 | I16: =SUM(I12:I15) -> 6.461126 | J16: =SUM(J12:J15) -> 12.983641
B17: Resistive Load
B18: Zone | C18: Sr. No | D18: Device | E18: Name | F18: KVA | G18: KW | H18: Total (KW) | I18: HP | J18: Amp
B19: ROBOT | C19: 1 | D19: Bag Transfer Robot | E19: BTR01 | G19: 0.5 | H19: =G19 -> 0.5 | I19: =H19/$E$5 -> 0.67024129 | J19: =(H19*1000/E8)/E1 -> 2.7173913
C20: Total | G20: =SUM(G19) -> 0.5 | H20: =SUM(H19) -> 0.5 | I20: =SUM(I19) -> 0.67024129 | J20: =SUM(J19) -> 2.7173913
B21: Total Designed(1.25) | G21: =H5 -> 6.65 | H21: =H5 -> 6.65 | I21: =H6 -> 8.9142091 | J21: =H7 -> 16.016378
K47: 2 Nodes

Sheet Network

Sheet Frame-1 IO
B3: DI | K3: DO
B4: Sl No | D4: Address | E4: Space | F4: Input Description | H4: Device | I4: Area | J4: Tag | K4: Sl No | M4: Address | N4: Output Description | P4: Device | Q4: Area | R4: Tag
F5: New | N5: New
F6: DIGITAL INPUT | G6: Input Tags | N6: DIGITAL OUTPUT | O6: Output Tags
B7: 1 | C7: SDI01 | D7: R1:I:1.0 | E7: _ | F7: Emergency Stop @ HMI Panel 1/1 | G7: =CONCATENATE(C7,E7,F7) -> SDI01_Emergency Stop @ HMI Panel 1/1 | H7: E-Stop button | J7: F01-ESS1/1 | K7: 1 | L7: SDO01 | M7: R1:O:3.0 | N7: Frame-1 STO Safety Relay On_1/1 | O7: =CONCATENATE(L7,E7,N7) -> SDO01_Frame-1 STO Safety Relay On_1/1 | P7: Safety Relay | R7: F01-STO1/1
B8: 2 | C8: SDI02 | D8: R1:I:1.1 | E8: _ | F8: Emergency Stop @ HMI Panel 1/2 | G8: =CONCATENATE(C8,E8,F8) -> SDI02_Emergency Stop @ HMI Panel 1/2 | H8: E-Stop button | J8: F01-ESS1/2 | K8: 2 | L8: SDO02 | M8: R1:O:3.1 | N8: Frame-1 STO Safety Relay On_1/2 | O8: =CONCATENATE(L8,E8,N8) -> SDO02_Frame-1 STO Safety Relay On_1/2 | P8: Safety Relay | R8: F01-STO1/2
B9: 3 | C9: SDI03 | D9: R1:I:1.2 | E9: _ | F9: Frame-1 Door Switch-1/1 | G9: =CONCATENATE(C9,E9,F9) -> SDI03_Frame-1 Door Switch-1/1 | H9: Door Switch | J9: F01-DSW1/1 | K9: 3 | L9: SDO03 | M9: R1:O:3.2 | N9: Safety Relay and Air Shutoff Valve Healthy 1/1 | O9: =CONCATENATE(L9,E9,N9) -> SDO03_Safety Relay and Air Shutoff Valve Healthy 1/1 | P9: Safety Relay | R9: F01-STOA/1
B10: 4 | C10: SDI04 | D10: R1:I:1.3 | E10: _ | F10: Frame-1 Door Switch-1/2 | G10: =CONCATENATE(C10,E10,F10) -> SDI04_Frame-1 Door Switch-1/2 | H10: Door Switch | J10: F01-DSW1/2 | K10: 4 | L10: SDO04 | M10: R1:O:3.3 | N10: Safety Relay and Air Shutoff Valve Healthy 1/2 | O10: =CONCATENATE(L10,E10,N10) -> SDO04_Safety Relay and Air Shutoff Valve Healthy 1/2 | P10: Safety Relay | R10: F01-STOA/2
B11: 5 | C11: SDI05 | D11: R1:I:1.4 | E11: _ | F11: Frame-1 Door Switch-2/1 | G11: =CONCATENATE(C11,E11,F11) -> SDI05_Frame-1 Door Switch-2/1 | H11: Door Switch | J11: F01-DSW2/1 | K11: 5 | L11: SDO05 | M11: R1:O:3.4 | N11: Frame-1 Robot Auto Stop Relay Healthy 1/1 | O11: =CONCATENATE(L11,E11,N11) -> SDO05_Frame-1 Robot Auto Stop Relay Healthy 1/1 | P11: Safety Relay | R11: F01-RAS1/1
B12: 6 | C12: SDI06 | D12: R1:I:1.5 | E12: _ | F12: Frame-1 Door Switch-2/2 | G12: =CONCATENATE(C12,E12,F12) -> SDI06_Frame-1 Door Switch-2/2 | H12: Door Switch | J12: F01-DSW2/2 | K12: 6 | L12: SDO06 | M12: R1:O:3.5 | N12: Frame-1 Robot Auto Stop Relay Healthy 1/2 | O12: =CONCATENATE(L12,E12,N12) -> SDO06_Frame-1 Robot Auto Stop Relay Healthy 1/2 | P12: Safety Relay | R12: F01-RAS1/2
B13: 7 | C13: SDI07 | D13: R1:I:1.6 | E13: _ | F13: Frame-1 Door Switch-3/1 | G13: =CONCATENATE(C13,E13,F13) -> SDI07_Frame-1 Door Switch-3/1 | H13: Door Switch | J13: F01-DSW3/1 | K13: 7 | L13: SDO07 | M13: R1:O:3.6 | N13: Frame-1 Robot E-Stop Relay Healthy 1/1 | O13: =CONCATENATE(L13,E13,N13) -> SDO07_Frame-1 Robot E-Stop Relay Healthy 1/1 | P13: Safety Relay | R13: F01-RES1/1
B14: 8 | C14: SDI08 | D14: R1:I:1.7 | E14: _ | F14: Frame-1 Door Switch-3/2 | G14: =CONCATENATE(C14,E14,F14) -> SDI08_Frame-1 Door Switch-3/2 | H14: Door Switch | J14: F01-DSW3/2 | K14: 8 | L14: SDO08 | M14: R1:O:3.7 | N14: Frame-1 Robot E-Stop Relay Healthy 1/2 | O14: =CONCATENATE(L14,E14,N14) -> SDO08_Frame-1 Robot E-Stop Relay Healthy 1/2 | P14: Safety Relay | R14: F01-RES1/2
B15: 9 | C15: SDI09 | D15: R1:I:2.0 | E15: _ | F15: Frame-1 Tray Door Switch-4/1 | G15: =CONCATENATE(C15,E15,F15) -> SDI09_Frame-1 Tray Door Switch-4/1 | H15: Door Switch | J15: F01-DSW4/1 | K15: 9 | L15: SDO09 | M15: R1:O:4.0 | N15: Frame-1 Door Switch Coil-1,2,3/1 | O15: =CONCATENATE(L15,E15,N15) -> SDO09_Frame-1 Door Switch Coil-1,2,3/1 | P15: Safety Relay +Door Coil | R15: F01-DSW1,2,3/1
B16: 10 | C16: SDI10 | D16: R1:I:2.1 | E16: _ | F16: Frame-1 Tray Door Switch-4/2 | G16: =CONCATENATE(C16,E16,F16) -> SDI10_Frame-1 Tray Door Switch-4/2 | H16: Door Switch | J16: F01-DSW4/2 | K16: 10 | L16: SDO10 | M16: R1:O:4.1 | N16: Frame-1 Door Switch Coil-1,2,3/2 | O16: =CONCATENATE(L16,E16,N16) -> SDO10_Frame-1 Door Switch Coil-1,2,3/2 | P16: Safety Relay +Door Coil | R16: F01-DSW1,2,3/2
B17: 11 | C17: SDI11 | D17: R1:I:2.2 | E17: _ | F17: Frame-1 Tray Door Switch-5/1 | G17: =CONCATENATE(C17,E17,F17) -> SDI11_Frame-1 Tray Door Switch-5/1 | H17: Door Switch | J17: F01-DSW5/1 | K17: 11 | L17: SDO11 | M17: R1:O:4.2 | N17: Frame-1 Tray Door Switch Coil-4/1 | O17: =CONCATENATE(L17,E17,N17) -> SDO11_Frame-1 Tray Door Switch Coil-4/1 | P17: Safety Relay +Door Coil | R17: F01-DSW4/1
B18: 12 | C18: SDI12 | D18: R1:I:2.3 | E18: _ | F18: Frame-1 Tray Door Switch-5/2 | G18: =CONCATENATE(C18,E18,F18) -> SDI12_Frame-1 Tray Door Switch-5/2 | H18: Door Switch | J18: F01-DSW5/2 | K18: 12 | L18: SDO12 | M18: R1:O:4.3 | N18: Frame-1 Tray Door Switch Coil-4/2 | O18: =CONCATENATE(L18,E18,N18) -> SDO12_Frame-1 Tray Door Switch Coil-4/2 | P18: Safety Relay +Door Coil | R18: F01-DSW4/2
B19: 13 | C19: SDI13 | D19: R1:I:2.4 | E19: _ | F19: Tray Stacker Safety Cover Slide Position 01 FB | G19: =CONCATENATE(C19,E19,F19) -> SDI13_Tray Stacker Safety Cover Slide Position 01 FB | H19: Magnetic Door Switch | K19: 13 | L19: SDO13 | M19: R1:O:4.4 | N19: Frame-1 Tray Door Switch Coil-5/1 | O19: =CONCATENATE(L19,E19,N19) -> SDO13_Frame-1 Tray Door Switch Coil-5/1 | P19: Safety Relay +Door Coil | R19: F01-DSW5/1
B20: 14 | C20: SDI14 | D20: R1:I:2.5 | E20: _ | F20: Tray Stacker Safety Cover Slide Position 02 FB | G20: =CONCATENATE(C20,E20,F20) -> SDI14_Tray Stacker Safety Cover Slide Position 02 FB | H20: Magnetic Door Switch | K20: 14 | L20: SDO14 | M20: R1:O:4.5 | N20: Frame-1 Tray Door Switch Coil-5/2 | O20: =CONCATENATE(L20,E20,N20) -> SDO14_Frame-1 Tray Door Switch Coil-5/2 | P20: Safety Relay +Door Coil | R20: F01-DSW5/2
B21: 15 | C21: SDI15 | D21: R1:I:2.6 | E21: _ | F21: Spare DI | G21: =CONCATENATE(C21,E21,F21) -> SDI15_Spare DI | K21: 15 | L21: SDO15 | M21: R1:O:4.6 | N21: Spare DO | O21: =CONCATENATE(L21,E21,N21) -> SDO15_Spare DO
B22: 16 | C22: SDI16 | D22: R1:I:2.7 | E22: _ | F22: Spare DI | G22: =CONCATENATE(C22,E22,F22) -> SDI16_Spare DI | K22: 16 | L22: SDO16 | M22: R1:O:4.7 | N22: Spare DO | O22: =CONCATENATE(L22,E22,N22) -> SDO16_Spare DO
B23: 1 | C23: DI01 | D23: R1:5:I.0 | E23: _ | F23: System Start PB @ HMI Panel | G23: =CONCATENATE(C23,E23,F23) -> DI01_System Start PB @ HMI Panel | H23: Push Button + Lamp | I23: Safe | J23: PBL01 | K23: 1 | L23: DO01 | M23: R:11:O.0 | N23: Tower Lamp Red @ HMI Panel | O23: =CONCATENATE(L23,E23,N23) -> DO01_Tower Lamp Red @ HMI Panel | P23: Tower lamp | Q23: Safe | R23: TL-101/1
B24: 2 | C24: DI02 | D24: R1:5:I.1 | E24: _ | F24: System Stop PB @ HMI Panel | G24: =CONCATENATE(C24,E24,F24) -> DI02_System Stop PB @ HMI Panel | H24: Push Button + Lamp | I24: Safe | J24: PBL02 | K24: 2 | L24: DO02 | M24: R:11:O.1 | N24: Tower Lamp Amber@ HMI Panel | O24: =CONCATENATE(L24,E24,N24) -> DO02_Tower Lamp Amber@ HMI Panel | P24: Tower lamp | Q24: Safe | R24: TL-101/2
B25: 3 | C25: DI03 | D25: R1:5:I.2 | E25: _ | F25: System Reset PB @ HMI Panel | G25: =CONCATENATE(C25,E25,F25) -> DI03_System Reset PB @ HMI Panel | H25: Push Button + Lamp | I25: Safe | J25: PBL03 | K25: 3 | L25: DO03 | M25: R:11:O.2 | N25: Tower Lamp Green@ HMI Panel | O25: =CONCATENATE(L25,E25,N25) -> DO03_Tower Lamp Green@ HMI Panel | P25: Tower lamp | Q25: Safe | R25: TL-101/3
B26: 4 | C26: DI04 | D26: R1:5:I.3 | E26: _ | F26: Safety Reset PB @ HMI Panel | G26: =CONCATENATE(C26,E26,F26) -> DI04_Safety Reset PB @ HMI Panel | H26: Push Button + Lamp | I26: Safe | J26: PBL04 | K26: 4 | L26: DO04 | M26: R:11:O.3 | N26: Tower Lamp Buzzer@ HMI Panel | O26: =CONCATENATE(L26,E26,N26) -> DO04_Tower Lamp Buzzer@ HMI Panel | P26: Tower lamp | Q26: Safe | R26: TL-101/4
B27: 5 | C27: DI05 | D27: R1:5:I.4 | E27: _ | F27: Line Monitor Relay Healthy | G27: =CONCATENATE(C27,E27,F27) -> DI05_Line Monitor Relay Healthy | I27: Safe | K27: 5 | L27: DO05 | M27: R:11:O.4 | N27: System Start Lamp | O27: =CONCATENATE(L27,E27,N27) -> DO05_System Start Lamp | P27: Push + Lamp | Q27: Safe | R27: PBL01
B28: 6 | C28: DI06 | D28: R1:5:I.5 | E28: _ | F28: Spare DI | G28: =CONCATENATE(C28,E28,F28) -> DI06_Spare DI | I28: Safe | K28: 6 | L28: DO06 | M28: R:11:O.5 | N28: System Reset Lamp | O28: =CONCATENATE(L28,E28,N28) -> DO06_System Reset Lamp | P28: Push + Lamp | Q28: Safe | R28: PBL03
B29: 7 | C29: DI07 | D29: R1:5:I.6 | E29: _ | F29: Spare DI | G29: =CONCATENATE(C29,E29,F29) -> DI07_Spare DI | I29: Safe | K29: 7 | L29: DO07 | M29: R:11:O.6 | N29: Safety Reset Lamp | O29: =CONCATENATE(L29,E29,N29) -> DO07_Safety Reset Lamp | P29: Push + Lamp | Q29: Safe | R29: PBL04
B30: 8 | C30: DI08 | D30: R1:5:I.7 | E30: _ | F30: Air Pressure Switch | G30: =CONCATENATE(C30,E30,F30) -> DI08_Air Pressure Switch | H30: Pressure Switch | I30: Safe | J30: PSW01 | K30: 8 | L30: DO08 | M30: R:11:O.7 | N30: Spare DO | O30: =CONCATENATE(L30,E30,N30) -> DO08_Spare DO | Q30: Safe
B31: 9 | C31: DI09 | D31: R1:6:I.0 | E31: _ | F31: Tray Pusher Servo 01 Trip Healthy | G31: =CONCATENATE(C31,E31,F31) -> DI09_Tray Pusher Servo 01 Trip Healthy | H31: MPCB Contact | I31: Safe | K31: 9 | L31: DO09 | M31: R:12:O.0 | N31: Vacuum Pump Enable | O31: =CONCATENATE(L31,E31,N31) -> DO09_Vacuum Pump Enable | P31: Contactor | Q31: Safe | R31: VPM01
B32: 10 | C32: DI10 | D32: R1:6:I.1 | E32: _ | F32: Plate Pusher Servo 01 Trip Healthy | G32: =CONCATENATE(C32,E32,F32) -> DI10_Plate Pusher Servo 01 Trip Healthy | H32: MPCB Contact | I32: Safe | K32: 10 | L32: DO10 | M32: R:12:O.1 | N32: Spare DO | O32: =CONCATENATE(L32,E32,N32) -> DO10_Spare DO | Q32: Safe
B33: 11 | C33: DI11 | D33: R1:6:I.2 | E33: _ | F33: Plate Guide Servo 01 Trip Healthy | G33: =CONCATENATE(C33,E33,F33) -> DI11_Plate Guide Servo 01 Trip Healthy | H33: MPCB Contact | I33: Safe | K33: 11 | L33: DO11 | M33: R:12:O.2 | N33: Plate Feeding Machine Start Signal | O33: =CONCATENATE(L33,E33,N33) -> DO11_Plate Feeding Machine Start Signal | P33: Contact | Q33: Safe
B34: 12 | C34: DI12 | D34: R1:6:I.3 | E34: _ | F34: Tray Pusher Servo 02 Trip Healthy | G34: =CONCATENATE(C34,E34,F34) -> DI12_Tray Pusher Servo 02 Trip Healthy | H34: MPCB Contact | I34: Safe | K34: 12 | L34: DO12 | M34: R:12:O.3 | N34: Bowl Feeder 01 Enable Signal | O34: =CONCATENATE(L34,E34,N34) -> DO12_Bowl Feeder 01 Enable Signal | P34: Contact | Q34: Safe
B35: 13 | C35: DI13 | D35: R1:6:I.4 | E35: _ | F35: Plate Pusher Servo 02 Trip Healthy | G35: =CONCATENATE(C35,E35,F35) -> DI13_Plate Pusher Servo 02 Trip Healthy | H35: MPCB Contact | I35: Safe | K35: 13 | L35: DO13 | M35: R:12:O.4 | N35: Linear Feeder 01 Enable Signal | O35: =CONCATENATE(L35,E35,N35) -> DO13_Linear Feeder 01 Enable Signal | P35: Contact | Q35: Safe
B36: 14 | C36: DI14 | D36: R1:6:I.5 | E36: _ | F36: Plate Guide Servo 02 Trip Healthy | G36: =CONCATENATE(C36,E36,F36) -> DI14_Plate Guide Servo 02 Trip Healthy | H36: MPCB Contact | I36: Safe | K36: 14 | L36: DO14 | M36: R:12:O.5 | N36: Linear Feeder 01 High Speed Signal | O36: =CONCATENATE(L36,E36,N36) -> DO14_Linear Feeder 01 High Speed Signal | P36: Contact | Q36: Safe
B37: 15 | C37: DI15 | D37: R1:6:I.6 | E37: _ | F37: Plate Feeding Conveyor Trip Healthy | G37: =CONCATENATE(C37,E37,F37) -> DI15_Plate Feeding Conveyor Trip Healthy | H37: MPCB Contact | I37: Safe | K37: 15 | L37: DO15 | M37: R:12:O.6 | N37: Linear Feeder 01 Slow Speed Signal | O37: =CONCATENATE(L37,E37,N37) -> DO15_Linear Feeder 01 Slow Speed Signal | P37: Contact | Q37: Safe
B38: 16 | C38: DI16 | D38: R1:6:I.7 | E38: _ | F38: Tray Feeding Conveyor Trip Healthy | G38: =CONCATENATE(C38,E38,F38) -> DI16_Tray Feeding Conveyor Trip Healthy | H38: MPCB Contact | I38: Safe | K38: 16 | L38: DO16 | M38: R:12:O.7 | N38: Bowl Feeder 02 Enable Signal | O38: =CONCATENATE(L38,E38,N38) -> DO16_Bowl Feeder 02 Enable Signal | P38: Contact | Q38: Safe
B39: 17 | C39: DI17 | D39: R1:7:I.0 | E39: _ | F39: Printer Assembly Servo Slide Trip Healthy | G39: =CONCATENATE(C39,E39,F39) -> DI17_Printer Assembly Servo Slide Trip Healthy | H39: MPCB Contact | I39: Safe | K39: 17 | L39: DO17 | M39: R:13:O.0 | N39: Linear Feeder 02 Enable Signal | O39: =CONCATENATE(L39,E39,N39) -> DO17_Linear Feeder 02 Enable Signal | P39: Contact | Q39: Safe
B40: 18 | C40: DI18 | D40: R1:7:I.1 | E40: _ | F40: Spare DI | G40: =CONCATENATE(C40,E40,F40) -> DI18_Spare DI | I40: Safe | K40: 18 | L40: DO18 | M40: R:13:O.1 | N40: Linear Feeder 02 High Speed Signal | O40: =CONCATENATE(L40,E40,N40) -> DO18_Linear Feeder 02 High Speed Signal | P40: Contact | Q40: Safe
B41: 19 | C41: DI19 | D41: R1:7:I.2 | E41: _ | F41: Power Panel Frame 02 Trip Healthy | G41: =CONCATENATE(C41,E41,F41) -> DI19_Power Panel Frame 02 Trip Healthy | H41: MPCB Contact | I41: Safe | K41: 19 | L41: DO19 | M41: R:13:O.2 | N41: Linear Feeder 02 Slow Speed Signal | O41: =CONCATENATE(L41,E41,N41) -> DO19_Linear Feeder 02 Slow Speed Signal | P41: Contact | Q41: Safe
B42: 20 | C42: DI20 | D42: R1:7:I.3 | E42: _ | F42: Bowl Feeder Bowl Motor 01 Trip Healthy | G42: =CONCATENATE(C42,E42,F42) -> DI20_Bowl Feeder Bowl Motor 01 Trip Healthy | H42: MCB Healthy | I42: Safe | K42: 20 | L42: DO20 | M42: R:13:O.3 | N42: Printer 01 Head 01 Print Signal | O42: =CONCATENATE(L42,E42,N42) -> DO20_Printer 01 Head 01 Print Signal | P42: Contact | Q42: Safe
B43: 21 | C43: DI21 | D43: R1:7:I.4 | E43: _ | F43: Bowl Feeder Linear Motor 01 Trip Healthy | G43: =CONCATENATE(C43,E43,F43) -> DI21_Bowl Feeder Linear Motor 01 Trip Healthy | H43: MCB Healthy | I43: Safe | K43: 21 | L43: DO21 | M43: R:13:O.4 | N43: Printer 01 Head 02 Print Signal | O43: =CONCATENATE(L43,E43,N43) -> DO21_Printer 01 Head 02 Print Signal | P43: Contact | Q43: Safe
B44: 22 | C44: DI22 | D44: R1:7:I.5 | E44: _ | F44: Bowl Feeder Bowl Motor 02 Trip Healthy | G44: =CONCATENATE(C44,E44,F44) -> DI22_Bowl Feeder Bowl Motor 02 Trip Healthy | H44: MCB Healthy | I44: Safe | K44: 22 | L44: DO22 | M44: R:13:O.5 | N44: Printer 02 Head 01 Print Signal | O44: =CONCATENATE(L44,E44,N44) -> DO22_Printer 02 Head 01 Print Signal | P44: Contact | Q44: Safe
B45: 23 | C45: DI23 | D45: R1:7:I.6 | E45: _ | F45: Bowl Feeder Linear Motor 02 Trip Healthy | G45: =CONCATENATE(C45,E45,F45) -> DI23_Bowl Feeder Linear Motor 02 Trip Healthy | H45: MCB Healthy | I45: Safe | K45: 23 | L45: DO23 | M45: R:13:O.6 | N45: Printer 02 Head 02 Print Signal | O45: =CONCATENATE(L45,E45,N45) -> DO23_Printer 02 Head 02 Print Signal | P45: Contact | Q45: Safe
B46: 24 | C46: DI24 | D46: R1:7:I.7 | E46: _ | F46: Tray Stacker Step Servo-1 Trip Healthy | G46: =CONCATENATE(C46,E46,F46) -> DI24_Tray Stacker Step Servo-1 Trip Healthy | H46: MCB Healthy | I46: Safe | K46: 24 | L46: DO24 | M46: R:13:O.7 | N46: Spare DO | O46: =CONCATENATE(L46,E46,N46) -> DO24_Spare DO
B47: 25 | C47: DI25 | D47: R1:8:I.0 | E47: _ | F47: Tray Stacker Step Servo-2 Trip Healthy | G47: =CONCATENATE(C47,E47,F47) -> DI25_Tray Stacker Step Servo-2 Trip Healthy | H47: MCB Healthy | I47: Safe
B48: 26 | C48: DI26 | D48: R1:8:I.1 | E48: _ | F48: Bowl Feeder Bowl Motor 01 Running FB | G48: =CONCATENATE(C48,E48,F48) -> DI26_Bowl Feeder Bowl Motor 01 Running FB | H48: CONTACT | I48: Safe
B49: 27 | C49: DI27 | D49: R1:8:I.2 | E49: _ | F49: Bowl Feeder Linear Motor 01 Running FB | G49: =CONCATENATE(C49,E49,F49) -> DI27_Bowl Feeder Linear Motor 01 Running FB | H49: CONTACT | I49: Safe
B50: 28 | C50: DI28 | D50: R1:8:I.3 | E50: _ | F50: Bowl Feeder Bowl Motor 02 Running FB | G50: =CONCATENATE(C50,E50,F50) -> DI28_Bowl Feeder Bowl Motor 02 Running FB | H50: CONTACT | I50: Safe
B51: 29 | C51: DI29 | D51: R1:8:I.4 | E51: _ | F51: Bowl Feeder Linear Motor 02 Running FB | G51: =CONCATENATE(C51,E51,F51) -> DI29_Bowl Feeder Linear Motor 02 Running FB | H51: CONTACT | I51: Safe
B52: 30 | C52: DI30 | D52: R1:8:I.5 | E52: _ | F52: Plate Feeding Machine Healthy Signal | G52: =CONCATENATE(C52,E52,F52) -> DI30_Plate Feeding Machine Healthy Signal | H52: CONTACT | I52: Safe
B53: 31 | C53: DI31 | D53: R1:8:I.6 | E53: _ | F53: Plate Feeding Machine Running Signal | G53: =CONCATENATE(C53,E53,F53) -> DI31_Plate Feeding Machine Running Signal | H53: CONTACT | I53: Safe
B54: 32 | C54: DI32 | D54: R1:8:I.7 | E54: _ | F54: Spare DI | G54: =CONCATENATE(C54,E54,F54) -> DI32_Spare DI | I54: Safe
B55: 33 | C55: DI33 | D55: R1:9:I.0 | E55: _ | F55: Printer 01 Head 01 Healthy Signal | G55: =CONCATENATE(C55,E55,F55) -> DI33_Printer 01 Head 01 Healthy Signal | H55: CONTACT | I55: Safe
B56: 34 | C56: DI34 | D56: R1:9:I.1 | E56: _ | F56: Printer 01 Head 02 Healthy Signal | G56: =CONCATENATE(C56,E56,F56) -> DI34_Printer 01 Head 02 Healthy Signal | H56: CONTACT | I56: Safe
B57: 35 | C57: DI35 | D57: R1:9:I.2 | E57: _ | F57: Printer 01 Head 01 Running Signal | G57: =CONCATENATE(C57,E57,F57) -> DI35_Printer 01 Head 01 Running Signal | H57: CONTACT | I57: Safe
B58: 36 | C58: DI36 | D58: R1:9:I.3 | E58: _ | F58: Printer 01 Head 02 Running Signal | G58: =CONCATENATE(C58,E58,F58) -> DI36_Printer 01 Head 02 Running Signal | H58: CONTACT | I58: Safe
B59: 37 | C59: DI37 | D59: R1:9:I.4 | E59: _ | F59: Printer 02 Head 01 Healthy Signal | G59: =CONCATENATE(C59,E59,F59) -> DI37_Printer 02 Head 01 Healthy Signal | H59: CONTACT | I59: Safe
B60: 38 | C60: DI38 | D60: R1:9:I.5 | E60: _ | F60: Printer 02 Head 02 Healthy Signal | G60: =CONCATENATE(C60,E60,F60) -> DI38_Printer 02 Head 02 Healthy Signal | H60: CONTACT | I60: Safe
B61: 39 | C61: DI39 | D61: R1:9:I.6 | E61: _ | F61: Printer 02 Head 01 Running Signal | G61: =CONCATENATE(C61,E61,F61) -> DI39_Printer 02 Head 01 Running Signal | H61: CONTACT | I61: Safe
B62: 40 | C62: DI40 | D62: R1:9:I.7 | E62: _ | F62: Printer 02 Head 02 Running Signal | G62: =CONCATENATE(C62,E62,F62) -> DI40_Printer 02 Head 02 Running Signal | H62: CONTACT | I62: Safe
B63: 41 | C63: DI41 | D63: R1:10:I.0 | E63: _ | F63: Spare DI | G63: =CONCATENATE(C63,E63,F63) -> DI41_Spare DI | I63: Safe
B64: 42 | C64: DI42 | D64: R1:10:I.1 | E64: _ | F64: Spare DI | G64: =CONCATENATE(C64,E64,F64) -> DI42_Spare DI | I64: Safe
B65: 43 | C65: DI43 | D65: R1:10:I.2 | E65: _ | F65: Spare DI | G65: =CONCATENATE(C65,E65,F65) -> DI43_Spare DI | I65: Safe
B66: 44 | C66: DI44 | D66: R1:10:I.3 | E66: _ | F66: Spare DI | G66: =CONCATENATE(C66,E66,F66) -> DI44_Spare DI | I66: Safe
B67: 45 | C67: DI45 | D67: R1:10:I.4 | E67: _ | F67: Spare DI | G67: =CONCATENATE(C67,E67,F67) -> DI45_Spare DI | I67: Safe
B68: 46 | C68: DI46 | D68: R1:10:I.5 | E68: _ | F68: Spare DI | G68: =CONCATENATE(C68,E68,F68) -> DI46_Spare DI | I68: Safe
B69: 47 | C69: DI47 | D69: R1:10:I.6 | E69: _ | F69: Spare DI | G69: =CONCATENATE(C69,E69,F69) -> DI47_Spare DI | I69: Safe
B70: 48 | C70: DI48 | D70: R1:10:I.7 | E70: _ | F70: Spare DI | G70: =CONCATENATE(C70,E70,F70) -> DI48_Spare DI | I70: Safe
B71: Sl No | D71: Address | F71: Input Description | H71: Device | I71: Area | J71: Tag | K71: Sl No | M71: Address | N71: Output Description | P71: Device | Q71: Area | R71: Tag
F72: ANALOG INPUT | N72: ANALOG OUTPUT
B73: 1 | C73: AI01 | D73: R:14.I.Ch0 | E73: _ | F73: Plate Height Detection Sensor-1 Feedback | G73: =CONCATENATE(C73,E73,F73) -> AI01_Plate Height Detection Sensor-1 Feedback | H73: Distance Sensor
B74: 2 | C74: AI02 | D74: R:14.I.Ch1 | E74: _ | F74: Plate Height Detection Sensor-2 Feedback | G74: =CONCATENATE(C74,E74,F74) -> AI02_Plate Height Detection Sensor-2 Feedback
B75: 3 | C75: AI03 | D75: R:14.I.Ch2 | E75: _ | F75: Spare AI | G75: =CONCATENATE(C75,E75,F75) -> AI03_Spare AI
B76: 4 | C76: AI04 | D76: R:14.I.Ch3 | E76: _ | F76: Spare AI | G76: =CONCATENATE(C76,E76,F76) -> AI04_Spare AI
B77: Sl No | D77: Address | F77: Input Description | H77: Device | I77: Area | J77: Tag | K77: Sl No | M77: Address | N77: Output Description | P77: Device | Q77: Area | R77: Tag
F78: FIELD INPUT | N78: FIELD OUTPUT
B79: 1 | C79: RM01 | D79: DI01 | E79: _ | F79: Spare DI | G79: =CONCATENATE(C79,E79,D79,E79,F79) -> RM01_DI01_Spare DI | I79: Safe | K79: 1 | L79: VB01.DO1 | M79: VB01.0 | N79: Plate Handling ROBOT-01 Gripper Open SOV | O79: =CONCATENATE(L79,E39,N79) -> VB01.DO1_Plate Handling ROBOT-01 Gripper Open SOV | P79: SOV | Q79: Safe | R79: SOV01 | S79: 5/2 Valve
B80: 2 | C80: RM01 | D80: DI02 | E80: _ | F80: Plate Infeed Conveyor Exit Sensor | G80: =CONCATENATE(C80,E80,D80,E80,F80) -> RM01_DI02_Plate Infeed Conveyor Exit Sensor | H80: Photo Sensor | I80: Safe | J80: PS01 | K80: 2 | L80: VB01.DO2 | M80: VB01.1 | N80: Plate Handling ROBOT-01 Gripper Close SOV | O80: =CONCATENATE(L80,E40,N80) -> VB01.DO2_Plate Handling ROBOT-01 Gripper Close SOV | P80: SOV | Q80: Safe | R80: SOV02 | S80: 5/2 Valve
A81: Swing | B81: 3 | C81: RM01 | D81: DI03 | E81: _ | F81: Plate Diverter Position 01 FB | G81: =CONCATENATE(C81,E81,D81,E81,F81) -> RM01_DI03_Plate Diverter Position 01 FB | H81: Reed Switch | I81: Safe | J81: RS01 | K81: 3 | L81: VB01.DO3 | M81: VB01.2 | N81: Tray Side Guide-01 FWD SOV | O81: =CONCATENATE(L81,E41,N81) -> VB01.DO3_Tray Side Guide-01 FWD SOV | P81: SOV | Q81: Safe | R81: SOV03 | S81: 5/2 Valve
A82: Swing | B82: 4 | C82: RM01 | D82: DI04 | E82: _ | F82: Plate Diverter Position 02 FB | G82: =CONCATENATE(C82,E82,D82,E82,F82) -> RM01_DI04_Plate Diverter Position 02 FB | H82: Reed Switch | I82: Safe | J82: RS02 | K82: 4 | L82: VB01.DO4 | M82: VB01.3 | N82: Tray Side Guide-01 REV SOV | O82: =CONCATENATE(L82,E42,N82) -> VB01.DO4_Tray Side Guide-01 REV SOV | P82: SOV | Q82: Safe | R82: SOV04 | S82: 5/2 Valve
B83: 5 | C83: RM01 | D83: DI05 | E83: _ | F83: Bowl Feeder 01 High Level Sensor | G83: =CONCATENATE(C83,E83,D83,E83,F83) -> RM01_DI05_Bowl Feeder 01 High Level Sensor | H83: Photo Sensor | I83: Safe | J83: PS02 | K83: 5 | L83: VB01.DO5 | M83: VB01.4 | N83: Tray Front Guide-01 FWD SOV | O83: =CONCATENATE(L83,E43,N83) -> VB01.DO5_Tray Front Guide-01 FWD SOV | P83: SOV | Q83: Safe | R83: SOV05 | S83: 5/2 Valve
B84: 6 | C84: RM01 | D84: DI06 | E84: _ | F84: Bowl Feeder 02 High Level Sensor | G84: =CONCATENATE(C84,E84,D84,E84,F84) -> RM01_DI06_Bowl Feeder 02 High Level Sensor | H84: Photo Sensor | I84: Safe | J84: PS03 | K84: 6 | L84: VB01.DO6 | M84: VB01.5 | N84: Tray Front Guide-01 REV SOV | O84: =CONCATENATE(L84,E44,N84) -> VB01.DO6_Tray Front Guide-01 REV SOV | P84: SOV | Q84: Safe | R84: SOV06 | S84: 5/2 Valve
B85: 7 | C85: RM01 | D85: DI07 | E85: _ | F85: Bowl Feeder 01 Linear Feeder Exit Sensor | G85: =CONCATENATE(C85,E85,D85,E85,F85) -> RM01_DI07_Bowl Feeder 01 Linear Feeder Exit Sensor | H85: Photo Sensor | I85: Safe | J85: PS04 | K85: 7 | L85: VB01.DO7 | M85: VB01.6 | N85: Tray Stopper-01/1 FWD SOV | O85: =CONCATENATE(L85,E45,N85) -> VB01.DO7_Tray Stopper-01/1 FWD SOV | P85: SOV | Q85: Safe | R85: SOV07 | S85: 5/2 Valve
B86: 8 | C86: RM01 | D86: DI08 | E86: _ | F86: Bowl Feeder 02 Linear Feeder Exit Sensor | G86: =CONCATENATE(C86,E86,D86,E86,F86) -> RM01_DI08_Bowl Feeder 02 Linear Feeder Exit Sensor | H86: Photo Sensor | I86: Safe | J86: PS05 | K86: 8 | L86: VB01.DO8 | M86: VB01.7 | N86: Tray Stopper-01/1 Rev SOV | O86: =CONCATENATE(L86,E46,N86) -> VB01.DO8_Tray Stopper-01/1 Rev SOV | P86: SOV | Q86: Safe | R86: SOV08 | S86: 5/2 Valve
B87: 9 | C87: RM01 | D87: DI09 | E87: _ | F87: Bowl Feeder 01 Linear Feeder Exit Stopper FWD FB | G87: =CONCATENATE(C87,E87,D87,E87,F87) -> RM01_DI09_Bowl Feeder 01 Linear Feeder Exit Stopper FWD FB | I87: Safe | K87: 9 | L87: VB01.DO9 | M87: VB01.8 | N87: Tray Stopper-01/2 FWD SOV | O87: =CONCATENATE(L87,E47,N87) -> VB01.DO9_Tray Stopper-01/2 FWD SOV | P87: SOV | Q87: Safe | R87: SOV09 | S87: 5/2 Valve
B88: 10 | C88: RM01 | D88: DI10 | E88: _ | F88: Bowl Feeder 01 Linear Feeder Exit Stopper REV FB | G88: =CONCATENATE(C88,E88,D88,E88,F88) -> RM01_DI10_Bowl Feeder 01 Linear Feeder Exit Stopper REV FB | I88: Safe | K88: 10 | L88: VB01.DO10 | M88: VB01.9 | N88: Tray Stopper-01/2 Rev SOV | O88: =CONCATENATE(L88,E48,N88) -> VB01.DO10_Tray Stopper-01/2 Rev SOV | P88: SOV | Q88: Safe | R88: SOV10 | S88: 5/2 Valve
B89: 11 | C89: RM01 | D89: DI11 | E89: _ | F89: Bowl Feeder 02 Linear Feeder Exit Stopper FWD FB | G89: =CONCATENATE(C89,E89,D89,E89,F89) -> RM01_DI11_Bowl Feeder 02 Linear Feeder Exit Stopper FWD FB | I89: Safe | K89: 11 | L89: VB01.DO11 | M89: VB01.10 | N89: Tray Pusher-01 Up SOV | O89: =CONCATENATE(L89,E49,N89) -> VB01.DO11_Tray Pusher-01 Up SOV | P89: SOV | Q89: Safe | R89: SOV11 | S89: 5/2 Valve
B90: 12 | C90: RM01 | D90: DI12 | E90: _ | F90: Bowl Feeder 02 Linear Feeder Exit Stopper REV FB | G90: =CONCATENATE(C90,E90,D90,E90,F90) -> RM01_DI12_Bowl Feeder 02 Linear Feeder Exit Stopper REV FB | I90: Safe | K90: 12 | L90: VB01.DO12 | M90: VB01.11 | N90: Tray Stopper-01 Dn SOV | O90: =CONCATENATE(L90,E50,N90) -> VB01.DO12_Tray Stopper-01 Dn SOV | P90: SOV | Q90: Safe | R90: SOV12 | S90: 5/2 Valve
B91: 13 | C91: RM02 | D91: DI01 | E91: _ | F91: Plate Guide 01 Plate Present Sensor 1 | G91: =CONCATENATE(C91,E91,D91,E91,F91) -> RM02_DI01_Plate Guide 01 Plate Present Sensor 1 | H91: Photo Sensor | I91: Safe | J91: PS06 | K91: 13 | L91: VB01.DO13 | M91: VB01.12 | N91: Spare DO | O91: =CONCATENATE(L91,E51,N91) -> VB01.DO13_Spare DO | P91: SOV | Q91: Safe | S91: 5/2 Valve
B92: 14 | C92: RM02 | D92: DI02 | E92: _ | F92: Plate Guide 01 Plate Present Sensor 2 | G92: =CONCATENATE(C92,E92,D92,E92,F92) -> RM02_DI02_Plate Guide 01 Plate Present Sensor 2 | H92: Photo Sensor | I92: Safe | J92: PS07 | K92: 14 | L92: VB01.DO14 | M92: VB01.13 | N92: Spare DO | O92: =CONCATENATE(L92,E52,N92) -> VB01.DO14_Spare DO | P92: SOV | Q92: Safe | S92: 5/2 Valve
B93: 15 | C93: RM02 | D93: DI03 | E93: _ | F93: Plate Guide 02 Plate Present Sensor 1 | G93: =CONCATENATE(C93,E93,D93,E93,F93) -> RM02_DI03_Plate Guide 02 Plate Present Sensor 1 | H93: Photo Sensor | I93: Safe | J93: PS08 | K93: 15 | L93: VB01.DO15 | M93: VB01.14 | N93: Plate Handling ROBOT-02 Gripper Open SOV | O93: =CONCATENATE(L93,E79,N93) -> VB01.DO15_Plate Handling ROBOT-02 Gripper Open SOV | P93: SOV | Q93: Safe | R93: SOV13 | S93: 5/2 Valve
B94: 16 | C94: RM02 | D94: DI04 | E94: _ | F94: Plate Guide 02 Plate Present Sensor 2 | G94: =CONCATENATE(C94,E94,D94,E94,F94) -> RM02_DI04_Plate Guide 02 Plate Present Sensor 2 | H94: Photo Sensor | I94: Safe | J94: PS09 | K94: 16 | L94: VB01.DO16 | M94: VB01.15 | N94: Plate Handling ROBOT-02 Gripper Close SOV | O94: =CONCATENATE(L94,E80,N94) -> VB01.DO16_Plate Handling ROBOT-02 Gripper Close SOV | P94: SOV | Q94: Safe | R94: SOV14 | S94: 5/2 Valve
B95: 17 | C95: RM02 | D95: DI05 | E95: _ | F95: Plate Handling ROBOT 01 Gripper Open FB | G95: =CONCATENATE(C95,E95,D95,E95,F95) -> RM02_DI05_Plate Handling ROBOT 01 Gripper Open FB | H95: Reed Switch | I95: Safe | J95: RS03 | K95: 17 | L95: VB01.DO17 | M95: VB01.16 | N95: Tray Side Guide-02 FWD SOV | O95: =CONCATENATE(L95,E81,N95) -> VB01.DO17_Tray Side Guide-02 FWD SOV | P95: SOV | Q95: Safe | R95: SOV15 | S95: 5/2 Valve
B96: 18 | C96: RM02 | D96: DI06 | E96: _ | F96: Plate Handling ROBOT 01 Gripper Close FB | G96: =CONCATENATE(C96,E96,D96,E96,F96) -> RM02_DI06_Plate Handling ROBOT 01 Gripper Close FB | H96: Reed Switch | I96: Safe | J96: RS04 | K96: 18 | L96: VB01.DO18 | M96: VB01.17 | N96: Tray Side Guide-02 REV SOV | O96: =CONCATENATE(L96,E82,N96) -> VB01.DO18_Tray Side Guide-02 REV SOV | P96: SOV | Q96: Safe | R96: SOV16 | S96: 5/2 Valve
B97: 19 | C97: RM02 | D97: DI07 | E97: _ | F97: Plate Handling ROBOT 01 Plate Sensor | G97: =CONCATENATE(C97,E97,D97,E97,F97) -> RM02_DI07_Plate Handling ROBOT 01 Plate Sensor | H97: Photo Sensor | I97: Safe | J97: PS10 | K97: 19 | L97: VB01.DO19 | M97: VB01.18 | N97: Tray Front Guide-02 FWD SOV | O97: =CONCATENATE(L97,E83,N97) -> VB01.DO19_Tray Front Guide-02 FWD SOV | P97: SOV | Q97: Safe | R97: SOV17 | S97: 5/2 Valve
B98: 20 | C98: RM02 | D98: DI08 | E98: _ | F98: Spare DI | G98: =CONCATENATE(C98,E98,D98,E98,F98) -> RM02_DI08_Spare DI | I98: Safe | K98: 20 | L98: VB01.DO20 | M98: VB01.19 | N98: Tray Front Guide-02 REV SOV | O98: =CONCATENATE(L98,E84,N98) -> VB01.DO20_Tray Front Guide-02 REV SOV | P98: SOV | Q98: Safe | R98: SOV18 | S98: 5/2 Valve
B99: 21 | C99: RM02 | D99: DI09 | E99: _ | F99: Plate Handling ROBOT 02 Gripper Open FB | G99: =CONCATENATE(C99,E99,D99,E99,F99) -> RM02_DI09_Plate Handling ROBOT 02 Gripper Open FB | H99: Reed Switch | I99: Safe | J99: RS05 | K99: 21 | L99: VB01.DO21 | M99: VB01.20 | N99: Tray Stopper-02/1 FWD SOV | O99: =CONCATENATE(L99,E95,N99) -> VB01.DO21_Tray Stopper-02/1 FWD SOV | P99: SOV | Q99: Safe | R99: SOV19 | S99: 5/2 Valve
B100: 22 | C100: RM02 | D100: DI10 | E100: _ | F100: Plate Handling ROBOT 02 Gripper Close FB | G100: =CONCATENATE(C100,E100,D100,E100,F100) -> RM02_DI10_Plate Handling ROBOT 02 Gripper Close FB | H100: Reed Switch | I100: Safe | J100: RS06 | K100: 22 | L100: VB01.DO22 | M100: VB01.21 | N100: Tray Stopper-02/1 Rev SOV | O100: =CONCATENATE(L100,E96,N100) -> VB01.DO22_Tray Stopper-02/1 Rev SOV | P100: SOV | Q100: Safe | R100: SOV20 | S100: 5/2 Valve
B101: 23 | C101: RM02 | D101: DI11 | E101: _ | F101: Plate Handling ROBOT 02 Plate Sensor | G101: =CONCATENATE(C101,E101,D101,E101,F101) -> RM02_DI11_Plate Handling ROBOT 02 Plate Sensor | H101: Photo Sensor | I101: Safe | J101: PS11 | K101: 23 | L101: VB01.DO23 | M101: VB01.22 | N101: Tray Stopper-02/2 FWD SOV | O101: =CONCATENATE(L101,E97,N101) -> VB01.DO23_Tray Stopper-02/2 FWD SOV | P101: SOV | Q101: Safe | R101: SOV21 | S101: 5/2 Valve
B102: 24 | C102: RM02 | D102: DI12 | E102: _ | F102: Spare DI | G102: =CONCATENATE(C102,E102,D102,E102,F102) -> RM02_DI12_Spare DI | I102: Safe | K102: 24 | L102: VB01.DO24 | M102: VB01.23 | N102: Tray Stopper-02/2 Rev SOV | O102: =CONCATENATE(L102,E98,N102) -> VB01.DO24_Tray Stopper-02/2 Rev SOV | P102: SOV | Q102: Safe | R102: SOV22 | S102: 5/2 Valve
...

Sheet Frame-2 IO
B3: DI | K3: DO
B4: Sl No | D4: Address | E4: Space | F4: Input Description | H4: Device | I4: Area | J4: Tag | K4: Sl No | M4: Address | N4: Output Description | P4: Device | Q4: Area | R4: Tag
F5: New | N5: New
F6: DIGITAL INPUT | G6: Input Tags | N6: DIGITAL OUTPUT | O6: Output Tags
B7: 1 | C7: SDI01 | D7: R2:I:1.0 | E7: _ | F7: Emergency Stop @ Frame-2 1/1 | G7: =CONCATENATE(C7,E7,F7) -> SDI01_Emergency Stop @ Frame-2 1/1 | H7: E-Stop button | J7: F02-ESS1/1 | K7: 1 | L7: SDO01 | M7: R2:O:4.0 | N7: Frame-2 STO Safety Relay On_1/1 | O7: =CONCATENATE(L7,E7,N7) -> SDO01_Frame-2 STO Safety Relay On_1/1 | P7: Safety Relay | R7: F02-STO1/1
B8: 2 | C8: SDI02 | D8: R2:I:1.1 | E8: _ | F8: Emergency Stop @ Frame-2 1/2 | G8: =CONCATENATE(C8,E8,F8) -> SDI02_Emergency Stop @ Frame-2 1/2 | H8: E-Stop button | J8: F02-ESS1/2 | K8: 2 | L8: SDO02 | M8: R2:O:4.1 | N8: Frame-2 STO Safety Relay On_1/2 | O8: =CONCATENATE(L8,E8,N8) -> SDO02_Frame-2 STO Safety Relay On_1/2 | P8: Safety Relay | R8: F02-STO1/2
B9: 3 | C9: SDI03 | D9: R2:I:1.2 | E9: _ | F9: Frame-2 Door Switch-1/1 | G9: =CONCATENATE(C9,E9,F9) -> SDI03_Frame-2 Door Switch-1/1 | H9: Door Switch | J9: F02-DSW1/1 | K9: 3 | L9: SDO03 | M9: R2:O:4.2 | N9: Frame-2 Robot Auto Stop Relay Healthy 1/1 | O9: =CONCATENATE(L7,E7,N9) -> SDO01_Frame-2 Robot Auto Stop Relay Healthy 1/1 | P9: Safety Relay | R9: F02-RAS1/1
B10: 4 | C10: SDI04 | D10: R2:I:1.3 | E10: _ | F10: Frame-2 Door Switch-1/2 | G10: =CONCATENATE(C10,E10,F10) -> SDI04_Frame-2 Door Switch-1/2 | H10: Door Switch | J10: F02-DSW1/2 | K10: 4 | L10: SDO04 | M10: R2:O:4.3 | N10: Frame-2 Robot Auto Stop Relay Healthy 1/2 | O10: =CONCATENATE(L8,E8,N10) -> SDO02_Frame-2 Robot Auto Stop Relay Healthy 1/2 | P10: Safety Relay | R10: F02-RAS1/2
B11: 5 | C11: SDI05 | D11: R2:I:1.4 | E11: _ | F11: Frame-2 Door Switch-2/1 | G11: =CONCATENATE(C11,E11,F11) -> SDI05_Frame-2 Door Switch-2/1 | H11: Door Switch | J11: F02-DSW2/1 | K11: 5 | L11: SDO05 | M11: R2:O:4.4 | N11: Frame-2 Robot E-Stop Relay Healthy 1/1 | O11: =CONCATENATE(L9,E9,N11) -> SDO03_Frame-2 Robot E-Stop Relay Healthy 1/1 | P11: Safety Relay | R11: F02-RES1/1
B12: 6 | C12: SDI06 | D12: R2:I:1.5 | E12: _ | F12: Frame-2 Door Switch-2/2 | G12: =CONCATENATE(C12,E12,F12) -> SDI06_Frame-2 Door Switch-2/2 | H12: Door Switch | J12: F02-DSW2/2 | K12: 6 | L12: SDO06 | M12: R2:O:4.5 | N12: Frame-2 Robot E-Stop Relay Healthy 1/2 | O12: =CONCATENATE(L10,E10,N12) -> SDO04_Frame-2 Robot E-Stop Relay Healthy 1/2 | P12: Safety Relay | R12: F02-RES1/2
B13: 7 | C13: SDI07 | D13: R2:I:1.6 | E13: _ | F13: Frame-2 Door Switch-3/1 | G13: =CONCATENATE(C13,E13,F13) -> SDI07_Frame-2 Door Switch-3/1 | H13: Door Switch | J13: F02-DSW3/1 | K13: 7 | L13: SDO07 | M13: R2:O:4.6 | N13: Frame-2 Door Switch Coil-1,2,3,4,5,6/1 | O13: =CONCATENATE(L11,E11,N13) -> SDO05_Frame-2 Door Switch Coil-1,2,3,4,5,6/1 | P13: Safety Relay +Door Coil | R13: F02-DSW1,2,3,4,5,6/1
B14: 8 | C14: SDI08 | D14: R2:I:1.7 | E14: _ | F14: Frame-2 Door Switch-3/2 | G14: =CONCATENATE(C14,E14,F14) -> SDI08_Frame-2 Door Switch-3/2 | H14: Door Switch | J14: F02-DSW3/2 | K14: 8 | L14: SDO08 | M14: R2:O:4.7 | N14: Frame-2 Door Switch Coil-1,2,3,4,5,6/2 | O14: =CONCATENATE(L12,E12,N14) -> SDO06_Frame-2 Door Switch Coil-1,2,3,4,5,6/2 | P14: Safety Relay +Door Coil | R14: F02-DSW1,2,3,4,5,6/2
B15: 9 | C15: SDI09 | D15: R2:I:2.0 | E15: _ | F15: Frame-2 Door Switch-4/1 | G15: =CONCATENATE(C15,E15,F15) -> SDI09_Frame-2 Door Switch-4/1 | H15: Door Switch | J15: F02-DSW4/1 | K15: 9 | L15: SDO09 | M15: R2:O:5.0 | N15: Frame-2 Bag Bin-1 Door Switch Coil-7/1 | O15: =CONCATENATE(L13,E13,N15) -> SDO07_Frame-2 Bag Bin-1 Door Switch Coil-7/1 | P15: Safety Relay +Door Coil | R15: F02-DSW7/1
B16: 10 | C16: SDI10 | D16: R2:I:2.1 | E16: _ | F16: Frame-2 Door Switch-4/2 | G16: =CONCATENATE(C16,E16,F16) -> SDI10_Frame-2 Door Switch-4/2 | H16: Door Switch | J16: F02-DSW4/2 | K16: 10 | L16: SDO10 | M16: R2:O:5.1 | N16: Frame-2 Bag Bin-1 Door Switch Coil-7/2 | O16: =CONCATENATE(L14,E14,N16) -> SDO08_Frame-2 Bag Bin-1 Door Switch Coil-7/2 | P16: Safety Relay +Door Coil | R16: F02-DSW7/2
B17: 11 | C17: SDI11 | D17: R2:I:2.2 | E17: _ | F17: Frame-2 Door Switch-5/1 | G17: =CONCATENATE(C17,E17,F17) -> SDI11_Frame-2 Door Switch-5/1 | H17: Door Switch | J17: F02-DSW5/1 | K17: 11 | L17: SDO11 | M17: R2:O:5.2 | N17: Frame-2 Bag Bin-2 Door Switch Coil-8/1 | O17: =CONCATENATE(L15,E15,N17) -> SDO09_Frame-2 Bag Bin-2 Door Switch Coil-8/1 | P17: Safety Relay +Door Coil | R17: F02-DSW8/1
B18: 12 | C18: SDI12 | D18: R2:I:2.3 | E18: _ | F18: Frame-2 Door Switch-5/2 | G18: =CONCATENATE(C18,E18,F18) -> SDI12_Frame-2 Door Switch-5/2 | H18: Door Switch | J18: F02-DSW5/2 | K18: 12 | L18: SDO12 | M18: R2:O:5.3 | N18: Frame-2 Bag Bin-2 Door Switch Coil-8/2 | O18: =CONCATENATE(L16,E16,N18) -> SDO10_Frame-2 Bag Bin-2 Door Switch Coil-8/2 | P18: Safety Relay +Door Coil | R18: F02-DSW8/2
B19: 13 | C19: SDI13 | D19: R2:I:2.4 | E19: _ | F19: Frame-2 Door Switch-6/1 | G19: =CONCATENATE(C19,E19,F19) -> SDI13_Frame-2 Door Switch-6/1 | H19: Door Switch | J19: F02-DSW6/1 | K19: 13 | L19: SDO13 | M19: R2:O:5.4 | N19: Spare DO | O19: =CONCATENATE(L19,E19,N19) -> SDO13_Spare DO
B20: 14 | C20: SDI14 | D20: R2:I:2.5 | E20: _ | F20: Frame-2 Door Switch-6/2 | G20: =CONCATENATE(C20,E20,F20) -> SDI14_Frame-2 Door Switch-6/2 | H20: Door Switch | J20: F02-DSW6/2 | K20: 14 | L20: SDO14 | M20: R2:O:5.5 | N20: Spare DO | O20: =CONCATENATE(L20,E20,N20) -> SDO14_Spare DO
B21: 15 | C21: SDI15 | D21: R2:I:2.6 | E21: _ | F21: Frame-2 Bag Bin-1 Door Switch-7/1 | G21: =CONCATENATE(C21,E21,F21) -> SDI15_Frame-2 Bag Bin-1 Door Switch-7/1 | H21: Door Switch | J21: F02-DSW7/1 | K21: 15 | L21: SDO15 | M21: R2:O:5.6 | N21: Spare DO | O21: =CONCATENATE(L21,E21,N21) -> SDO15_Spare DO
B22: 16 | C22: SDI16 | D22: R2:I:2.7 | E22: _ | F22: Frame-2 Bag Bin-1 Door Switch-7/2 | G22: =CONCATENATE(C22,E22,F22) -> SDI16_Frame-2 Bag Bin-1 Door Switch-7/2 | H22: Door Switch | J22: F02-DSW7/2 | K22: 16 | L22: SDO16 | M22: R2:O:5.7 | N22: Spare DO | O22: =CONCATENATE(L22,E22,N22) -> SDO16_Spare DO
B23: 17 | C23: SDI17 | D23: R2:I:3.0 | E23: _ | F23: Frame-2 Bag Bin-2 Door Switch-8/1 | G23: =CONCATENATE(C23,E23,F23) -> SDI17_Frame-2 Bag Bin-2 Door Switch-8/1 | H23: Door Switch | J23: F02-DSW8/1
B24: 18 | C24: SDI18 | D24: R2:I:3.1 | E24: _ | F24: Frame-2 Bag Bin-2 Door Switch-8/2 | G24: =CONCATENATE(C24,E24,F24) -> SDI18_Frame-2 Bag Bin-2 Door Switch-8/2 | H24: Door Switch | J24: F02-DSW8/2
B25: 19 | C25: SDI19 | D25: R2:I:3.2 | E25: _ | F25: Bag Bin Safety Cover Slide Position 01 FB | G25: =CONCATENATE(C25,E25,F25) -> SDI19_Bag Bin Safety Cover Slide Position 01 FB
B26: 20 | C26: SDI20 | D26: R2:I:3.3 | E26: _ | F26: Bag Bin Safety Cover Slide Position 02 FB | G26: =CONCATENATE(C26,E26,F26) -> SDI20_Bag Bin Safety Cover Slide Position 02 FB
B27: 21 | C27: SDI21 | D27: R2:I:3.4 | E27: _ | F27: Spare DI | G27: =CONCATENATE(C27,E27,F27) -> SDI21_Spare DI
B28: 22 | C28: SDI22 | D28: R2:I:3.5 | E28: _ | F28: Spare DI | G28: =CONCATENATE(C28,E28,F28) -> SDI22_Spare DI
B29: 23 | C29: SDI23 | D29: R2:I:3.6 | E29: _ | F29: Spare DI | G29: =CONCATENATE(C29,E29,F29) -> SDI23_Spare DI
B30: 24 | C30: SDI24 | D30: R2:I:3.7 | E30: _ | F30: Spare DI | G30: =CONCATENATE(C30,E30,F30) -> SDI24_Spare DI
B31: 1 | C31: DI01 | D31: R21:6:I.0 | E31: _ | F31: Tray Insertion Servo Slide Trip Healthy | G31: =CONCATENATE(C31,E31,F31) -> DI01_Tray Insertion Servo Slide Trip Healthy | H31: MPCB Contact | I31: Safe | K31: 1 | L31: DO01 | M31: R2:8:O.0 | N31: Vacuum Pump Enable | O31: =CONCATENATE(L31,E31,N31) -> DO01_Vacuum Pump Enable | P31: Contactor | Q31: Safe
B32: 2 | C32: DI02 | D32: R21:6:I.1 | E32: _ | F32: Sealing Conveyor Trip Healthy | G32: =CONCATENATE(C32,E32,F32) -> DI02_Sealing Conveyor Trip Healthy | H32: MPCB Contact | I32: Safe | K32: 2 | L32: DO02 | M32: R2:8:O.1 | N32: Bag Sealer Vacuum Pump Enable | O32: =CONCATENATE(L32,E32,N32) -> DO02_Bag Sealer Vacuum Pump Enable | P32: Contactor | Q32: Safe
B33: 3 | C33: DI03 | D33: R21:6:I.2 | E33: _ | F33: Vacuum Pump Trip Healthy | G33: =CONCATENATE(C33,E33,F33) -> DI03_Vacuum Pump Trip Healthy | H33: MPCB Contact | I33: Safe | K33: 3 | L33: DO03 | M33: R2:8:O.2 | N33: Bag Heat Sealer Enable | O33: =CONCATENATE(L33,E33,N33) -> DO03_Bag Heat Sealer Enable | P33: SSR | Q33: Safe
B34: 4 | C34: DI04 | D34: R21:6:I.3 | E34: _ | F34: Bag Sealer Vacuum Pump Trip Healthy | G34: =CONCATENATE(C34,E34,F34) -> DI04_Bag Sealer Vacuum Pump Trip Healthy | H34: MPCB Contact | I34: Safe | K34: 4 | L34: DO04 | M34: R2:8:O.3 | N34: Spare DO | O34: =CONCATENATE(L34,E34,N34) -> DO04_Spare DO | Q34: Safe
B35: 5 | C35: DI05 | D35: R21:6:I.4 | E35: _ | F35: Bag Heat Sealer Trip Healthy | G35: =CONCATENATE(C35,E35,F35) -> DI05_Bag Heat Sealer Trip Healthy | H35: RCCB Contact | I35: Safe | K35: 5 | L35: DO05 | M35: R2:8:O.4 | N35: Spare DO | O35: =CONCATENATE(L35,E35,N35) -> DO05_Spare DO | Q35: Safe
B36: 6 | C36: DI06 | D36: R21:6:I.5 | E36: _ | F36: Spare DI | G36: =CONCATENATE(C36,E36,F36) -> DI06_Spare DI | I36: Safe | K36: 6 | L36: DO06 | M36: R2:8:O.5 | N36: Spare DO | O36: =CONCATENATE(L36,E36,N36) -> DO06_Spare DO | Q36: Safe
B37: 7 | C37: DI07 | D37: R21:6:I.6 | E37: _ | F37: Spare DI | G37: =CONCATENATE(C37,E37,F37) -> DI07_Spare DI | I37: Safe | K37: 7 | L37: DO07 | M37: R2:8:O.6 | N37: Spare DO | O37: =CONCATENATE(L37,E37,N37) -> DO07_Spare DO | Q37: Safe
B38: 8 | C38: DI08 | D38: R21:6:I.7 | E38: _ | F38: Spare DI | G38: =CONCATENATE(C38,E38,F38) -> DI08_Spare DI | I38: Safe | K38: 8 | L38: DO08 | M38: R2:8:O.7 | N38: Spare DO | O38: =CONCATENATE(L38,E38,N38) -> DO08_Spare DO | Q38: Safe
B39: 9 | C39: DI09 | D39: R21:7:I.0 | E39: _ | F39: Spare DI | G39: =CONCATENATE(C39,E39,F39) -> DI09_Spare DI | I39: Safe
B40: 10 | C40: DI10 | D40: R21:7:I.1 | E40: _ | F40: Spare DI | G40: =CONCATENATE(C40,E40,F40) -> DI10_Spare DI | I40: Safe
B41: 11 | C41: DI11 | D41: R21:7:I.2 | E41: _ | F41: Spare DI | G41: =CONCATENATE(C41,E41,F41) -> DI11_Spare DI | I41: Safe
B42: 12 | C42: DI12 | D42: R21:7:I.3 | E42: _ | F42: Spare DI | G42: =CONCATENATE(C42,E42,F42) -> DI12_Spare DI | I42: Safe
B43: 13 | C43: DI13 | D43: R21:7:I.4 | E43: _ | F43: Spare DI | G43: =CONCATENATE(C43,E43,F43) -> DI13_Spare DI | I43: Safe
B44: 14 | C44: DI14 | D44: R21:7:I.5 | E44: _ | F44: Spare DI | G44: =CONCATENATE(C44,E44,F44) -> DI14_Spare DI | I44: Safe
B45: 15 | C45: DI15 | D45: R21:7:I.6 | E45: _ | F45: Spare DI | G45: =CONCATENATE(C45,E45,F45) -> DI15_Spare DI | I45: Safe
B46: 16 | C46: DI16 | D46: R21:7:I.7 | E46: _ | F46: Spare DI | G46: =CONCATENATE(C46,E46,F46) -> DI16_Spare DI | I46: Safe
B47: Sl No | D47: Address | F47: Input Description | H47: Device | I47: Area | J47: Tag | K47: Sl No | M47: Address | N47: Output Description | P47: Device | Q47: Area | R47: Tag
F48: FIELD INPUT | N48: FIELD OUTPUT
B49: 1 | C49: RM09 | D49: DI01 | E49: _ | F49: Tray Insertion Servo Slide Pusher UP FB | G49: =CONCATENATE(C49,E49,D49,E49,F49) -> RM09_DI01_Tray Insertion Servo Slide Pusher UP FB | H49: Reed Switch | I49: Safe | J49: RS35 | K49: 1 | L49: VB02.DO1 | M49: VB02.0 | N49: Bag Transfer Robot Vacuum SOV | O49: =CONCATENATE(L49,'Frame-1 IO'!E109,N49) -> VB02.DO1_Bag Transfer Robot Vacuum SOV | P49: SOV | Q49: Safe | R49: SOV26 | S49: 3/2 Valve
B50: 2 | C50: RM09 | D50: DI02 | E50: _ | F50: Tray Insertion Servo Slide Pusher DOWN FB | G50: =CONCATENATE(C50,E50,D50,E50,F50) -> RM09_DI02_Tray Insertion Servo Slide Pusher DOWN FB | H50: Reed Switch | I50: Safe | J50: RS36 | K50: 2 | L50: VB02.DO2 | M50: VB02.1 | N50: Bag Opening Swing Arm-1 In SOV | O50: =CONCATENATE(L50,'Frame-1 IO'!E110,N50) -> VB02.DO2_Bag Opening Swing Arm-1 In SOV | P50: SOV | Q50: Safe | R50: SOV27 | S50: 5/2 Valve
B51: 3 | C51: RM09 | D51: DI03 | E51: _ | F51: Tray Insertion Servo Tray Stopper UP FB | G51: =CONCATENATE(C51,E51,D51,E51,F51) -> RM09_DI03_Tray Insertion Servo Tray Stopper UP FB | H51: Reed Switch | I51: Safe | J51: RS37 | K51: 3 | L51: VB02.DO3 | M51: VB02.2 | N51: Bag Opening Swing Arm-1 Out SOV | O51: =CONCATENATE(L51,'Frame-1 IO'!E111,N51) -> VB02.DO3_Bag Opening Swing Arm-1 Out SOV | P51: SOV | Q51: Safe | R51: SOV28 | S51: 5/2 Valve
B52: 4 | C52: RM09 | D52: DI04 | E52: _ | F52: Tray Insertion Servo Tray Stopper DOWN FB | G52: =CONCATENATE(C52,E52,D52,E52,F52) -> RM09_DI04_Tray Insertion Servo Tray Stopper DOWN FB | H52: Reed Switch | I52: Safe | J52: RS38 | K52: 4 | L52: VB02.DO4 | M52: VB02.3 | N52: Bag Opening Swing Arm-2 In SOV | O52: =CONCATENATE(L52,'Frame-1 IO'!E112,N52) -> VB02.DO4_Bag Opening Swing Arm-2 In SOV | P52: SOV | Q52: Safe | R52: SOV29 | S52: 5/2 Valve
A53: Swing | B53: 5 | C53: RM09 | D53: DI05 | E53: _ | F53: Bag Opening Swing Arm-1 In FB | G53: =CONCATENATE(C53,E53,D53,E53,F53) -> RM09_DI05_Bag Opening Swing Arm-1 In FB | H53: Reed Switch | I53: Safe | J53: RS39 | K53: 5 | L53: VB02.DO5 | M53: VB02.4 | N53: Bag Opening Swing Arm-2 Out SOV | O53: =CONCATENATE(L53,'Frame-1 IO'!E113,N53) -> VB02.DO5_Bag Opening Swing Arm-2 Out SOV | P53: SOV | Q53: Safe | R53: SOV30 | S53: 5/2 Valve
A54: Swing | B54: 6 | C54: RM09 | D54: DI06 | E54: _ | F54: Bag Opening Swing Arm-1 Out FB | G54: =CONCATENATE(C54,E54,D54,E54,F54) -> RM09_DI06_Bag Opening Swing Arm-1 Out FB | H54: Reed Switch | I54: Safe | J54: RS40 | K54: 6 | L54: VB02.DO6 | M54: VB02.5 | N54: Bag Opening Vacuum Cup Up SOV | O54: =CONCATENATE(L54,'Frame-1 IO'!E114,N54) -> VB02.DO6_Bag Opening Vacuum Cup Up SOV | P54: SOV | Q54: Safe | R54: SOV31 | S54: 5/2 Valve
A55: Swing | B55: 7 | C55: RM09 | D55: DI07 | E55: _ | F55: Bag Opening Swing Arm-2 In FB | G55: =CONCATENATE(C55,E55,D55,E55,F55) -> RM09_DI07_Bag Opening Swing Arm-2 In FB | H55: Reed Switch | I55: Safe | J55: RS41 | K55: 7 | L55: VB02.DO7 | M55: VB02.6 | N55: Bag Opening Vacuum Cup Dn SOV | O55: =CONCATENATE(L55,'Frame-1 IO'!E115,N55) -> VB02.DO7_Bag Opening Vacuum Cup Dn SOV | P55: SOV | Q55: Safe | R55: SOV32 | S55: 5/2 Valve
A56: Swing | B56: 8 | C56: RM09 | D56: DI08 | E56: _ | F56: Bag Opening Swing Arm-2 Out FB | G56: =CONCATENATE(C56,E56,D56,E56,F56) -> RM09_DI08_Bag Opening Swing Arm-2 Out FB | H56: Reed Switch | I56: Safe | J56: RS42 | K56: 8 | L56: VB02.DO8 | M56: VB02.7 | N56: Tray Insertion Servo Slide Pusher Up SOV | O56: =CONCATENATE(L56,'Frame-1 IO'!E116,N56) -> VB02.DO8_Tray Insertion Servo Slide Pusher Up SOV | P56: SOV | Q56: Safe | R56: SOV33 | S56: 5/2 Valve
B57: 9 | C57: RM09 | D57: DI09 | E57: _ | F57: Bag Opening Swing Arm Stretch In FB | G57: =CONCATENATE(C57,E57,D57,E57,F57) -> RM09_DI09_Bag Opening Swing Arm Stretch In FB | H57: Reed Switch | I57: Safe | J57: RS43 | K57: 9 | L57: VB02.DO9 | M57: VB02.8 | N57: Tray Insertion Servo Slide Pusher Dn SOV | O57: =CONCATENATE(L57,'Frame-1 IO'!E117,N57) -> VB02.DO9_Tray Insertion Servo Slide Pusher Dn SOV | P57: SOV | Q57: Safe | R57: SOV34 | S57: 5/2 Valve
B58: 10 | C58: RM09 | D58: DI10 | E58: _ | F58: Bag Opening Swing Arm Stretch Out FB | G58: =CONCATENATE(C58,E58,D58,E58,F58) -> RM09_DI10_Bag Opening Swing Arm Stretch Out FB | H58: Reed Switch | I58: Safe | J58: RS44 | K58: 10 | L58: VB02.DO10 | M58: VB02.9 | N58: Spare DO | O58: =CONCATENATE(L58,'Frame-1 IO'!E118,N58) -> VB02.DO10_Spare DO | P58: SOV | Q58: Safe | S58: 5/2 Valve
B59: 11 | C59: RM09 | D59: DI11 | E59: _ | F59: Bag Opening Bottom Vacuum Switch | G59: =CONCATENATE(C59,E59,D59,E59,F59) -> RM09_DI11_Bag Opening Bottom Vacuum Switch | H59: Vacuum Switch | I59: Safe | J59: VSW03 | K59: 11 | L59: VB02.DO11 | M59: VB02.10 | N59: Spare DO | O59: =CONCATENATE(L59,'Frame-1 IO'!E119,N59) -> VB02.DO11_Spare DO | P59: SOV | Q59: Safe | S59: 5/2 Valve
B60: 12 | C60: RM09 | D60: DI12 | E60: _ | F60: Spare DI | G60: =CONCATENATE(C60,E60,D60,E60,F60) -> RM09_DI12_Spare DI | I60: Safe | K60: 12 | L60: VB02.DO12 | M60: VB02.11 | N60: Sealing Unit Heating Jaw Up SOV | O60: =CONCATENATE(L60,'Frame-1 IO'!E120,N60) -> VB02.DO12_Sealing Unit Heating Jaw Up SOV | P60: SOV | Q60: Safe | R60: SOV35 | S60: 5/2 Valve
B61: 13 | C61: RM10 | D61: DI01 | E61: _ | F61: Bag Present Sensor-1 at Bag Mouth Opening | G61: =CONCATENATE(C61,E61,D61,E61,F61) -> RM10_DI01_Bag Present Sensor-1 at Bag Mouth Opening | H61: Photo Sensor | I61: Safe | J61: PS30 | K61: 13 | L61: VB02.DO13 | M61: VB02.12 | N61: Sealing Unit Heating Jaw Dn SOV | O61: =CONCATENATE(L61,'Frame-1 IO'!E121,N61) -> VB02.DO13_Sealing Unit Heating Jaw Dn SOV | P61: SOV | Q61: Safe | R61: SOV36 | S61: 5/2 Valve
B62: 14 | C62: RM10 | D62: DI02 | E62: _ | F62: Bag Present Sensor-1 at Bag Mouth Opening | G62: =CONCATENATE(C62,E62,D62,E62,F62) -> RM10_DI02_Bag Present Sensor-1 at Bag Mouth Opening | H62: Photo Sensor | I62: Safe | J62: PS31 | K62: 14 | L62: VB02.DO14 | M62: VB02.13 | N62: Sealing Unit Vacuum Jaw In SOV | O62: =CONCATENATE(L62,'Frame-1 IO'!E122,N62) -> VB02.DO14_Sealing Unit Vacuum Jaw In SOV | P62: SOV | Q62: Safe | R62: SOV37 | S62: 5/2 Valve
B63: 15 | C63: RM10 | D63: DI03 | E63: _ | F63: Bag Opening Vacuum Cup Up FB | G63: =CONCATENATE(C63,E63,D63,E63,F63) -> RM10_DI03_Bag Opening Vacuum Cup Up FB | H63: Reed Switch | I63: Safe | J63: RS45 | K63: 15 | L63: VB02.DO15 | M63: VB02.14 | N63: Sealing Unit Vacuum Jaw Out SOV | O63: =CONCATENATE(L63,'Frame-1 IO'!E123,N63) -> VB02.DO15_Sealing Unit Vacuum Jaw Out SOV | P63: SOV | Q63: Safe | R63: SOV38 | S63: 5/2 Valve
B64: 16 | C64: RM10 | D64: DI04 | E64: _ | F64: Bag Opening Vacuum Cup Dn FB | G64: =CONCATENATE(C64,E64,D64,E64,F64) -> RM10_DI04_Bag Opening Vacuum Cup Dn FB | H64: Reed Switch | I64: Safe | J64: RS46 | K64: 16 | L64: VB02.DO16 | M64: VB02.15 | N64: Spare DO | O64: =CONCATENATE(L64,'Frame-1 IO'!E124,N64) -> VB02.DO16_Spare DO | P64: SOV | Q64: Safe | S64: 5/2 Valve
B65: 17 | C65: RM10 | D65: DI05 | E65: _ | F65: Bin-1 Bag Present Sensor | G65: =CONCATENATE(C65,E65,D65,E65,F65) -> RM10_DI05_Bin-1 Bag Present Sensor | H65: Photo Sensor | I65: Safe | J65: PS32 | K65: 17 | L65: VB02.DO17 | M65: VB02.16 | N65: Spare DO | O65: =CONCATENATE(L65,'Frame-1 IO'!E125,N65) -> VB02.DO17_Spare DO | P65: SOV | Q65: Safe | S65: 5/2 Valve
B66: 18 | C66: RM10 | D66: DI06 | E66: _ | F66: Bin-2 Bag Present Sensor | G66: =CONCATENATE(C66,E66,D66,E66,F66) -> RM10_DI06_Bin-2 Bag Present Sensor | H66: Photo Sensor | I66: Safe | J66: PS33 | K66: 18 | L66: VB02.DO18 | M66: VB02.17 | N66: Spare DO | O66: =CONCATENATE(L66,'Frame-1 IO'!E126,N66) -> VB02.DO18_Spare DO | P66: SOV | Q66: Safe | S66: 3/2 Valve
B67: 19 | C67: RM10 | D67: DI07 | E67: _ | F67: Bag Bin-1 Lock/Unlock PB | G67: =CONCATENATE(C67,E67,D67,E67,F67) -> RM10_DI07_Bag Bin-1 Lock/Unlock PB | H67: Push Button | I67: Safe | J67: PB05
B68: 20 | C68: RM10 | D68: DI08 | E68: _ | F68: Bag Bin-2 Lock/Unlock PB | G68: =CONCATENATE(C68,E68,D68,E68,F68) -> RM10_DI08_Bag Bin-2 Lock/Unlock PB | H68: Push Button | I68: Safe | J68: PB06
B69: 21 | C69: RM10 | D69: DI09 | E69: _ | F69: Bag Transfer Robot Vacuum Switch | G69: =CONCATENATE(C69,E69,D69,E69,F69) -> RM10_DI09_Bag Transfer Robot Vacuum Switch | H69: Vacuum Switch | I69: Safe | J69: VSW04
B70: 22 | C70: RM10 | D70: DI10 | E70: _ | F70: Bag Transfer Robot Bag Sensor | G70: =CONCATENATE(C70,E70,D70,E70,F70) -> RM10_DI10_Bag Transfer Robot Bag Sensor | H70: Photo Sensor | I70: Safe | J70: PS34
B71: 23 | C71: RM10 | D71: DI11 | E71: _ | F71: Sealing Conveyor Job Present Entry Sensor | G71: =CONCATENATE(C71,E71,D71,E71,F71) -> RM10_DI11_Sealing Conveyor Job Present Entry Sensor | H71: Photo Sensor | I71: Safe | J71: PS35
B72: 24 | C72: RM10 | D72: DI12 | E72: _ | F72: Spare DI | G72: =CONCATENATE(C72,E72,D72,E72,F72) -> RM10_DI12_Spare DI | I72: Safe
B73: 25 | C73: RM11 | D73: DI01 | E73: _ | F73: Sealing Unit Job Present Sensor-1 | G73: =CONCATENATE(C73,E73,D73,E73,F73) -> RM11_DI01_Sealing Unit Job Present Sensor-1 | H73: Photo Sensor | I73: Safe | J73: PS36
B74: 26 | C74: RM11 | D74: DI02 | E74: _ | F74: Sealing Unit Job Present Sensor-2 | G74: =CONCATENATE(C74,E74,D74,E74,F74) -> RM11_DI02_Sealing Unit Job Present Sensor-2 | H74: Photo Sensor | I74: Safe | J74: PS37
B75: 27 | C75: RM11 | D75: DI03 | E75: _ | F75: Sealing Unit Heating Jaw Up FB | G75: =CONCATENATE(C75,E75,D75,E75,F75) -> RM11_DI03_Sealing Unit Heating Jaw Up FB | H75: Reed Switch | I75: Safe | J75: RS47
B76: 28 | C76: RM11 | D76: DI04 | E76: _ | F76: Sealing Unit Heating Jaw Dn FB | G76: =CONCATENATE(C76,E76,D76,E76,F76) -> RM11_DI04_Sealing Unit Heating Jaw Dn FB | H76: Reed Switch | I76: Safe | J76: RS48
B77: 29 | C77: RM11 | D77: DI05 | E77: _ | F77: Sealing Unit Vacuum Jaw In FB | G77: =CONCATENATE(C77,E77,D77,E77,F77) -> RM11_DI05_Sealing Unit Vacuum Jaw In FB | H77: Reed Switch | I77: Safe | J77: RS49
B78: 30 | C78: RM11 | D78: DI06 | E78: _ | F78: Sealing Unit Vacuum Jaw Out FB | G78: =CONCATENATE(C78,E78,D78,E78,F78) -> RM11_DI06_Sealing Unit Vacuum Jaw Out FB | H78: Reed Switch | I78: Safe | J78: RS50
B79: 31 | C79: RM11 | D79: DI07 | E79: _ | F79: Sealing Unit Vacuum Pressure OK | G79: =CONCATENATE(C79,E79,D79,E79,F79) -> RM11_DI07_Sealing Unit Vacuum Pressure OK | H79: Vacuum Switch | I79: Safe | J79: VSW05
B80: 32 | C80: RM11 | D80: DI08 | E80: _ | F80: Sealing Unit Bag Opening Cylinder Up FB | G80: =CONCATENATE(C80,E80,D80,E80,F80) -> RM11_DI08_Sealing Unit Bag Opening Cylinder Up FB | H80: Reed Switch | I80: Safe | J80: RS51
B81: 33 | C81: RM11 | D81: DI09 | E81: _ | F81: Sealing Unit Bag Opening Cylinder Dn FB | G81: =CONCATENATE(C81,E81,D81,E81,F81) -> RM11_DI09_Sealing Unit Bag Opening Cylinder Dn FB | H81: Reed Switch | I81: Safe | J81: RS52
B82: 34 | C82: RM11 | D82: DI10 | E82: _ | F82: Sealing Conveyor Job Present Exit Sensor | G82: =CONCATENATE(C82,E82,D82,E82,F82) -> RM11_DI10_Sealing Conveyor Job Present Exit Sensor | H82: Photo Sensor | I82: Safe | J82: PS38
B83: 35 | C83: RM11 | D83: DI11 | E83: _ | F83: Spare DI | G83: =CONCATENATE(C83,E83,D83,E83,F83) -> RM11_DI11_Spare DI | I83: Safe
B84: 36 | C84: RM11 | D84: DI12 | E84: _ | F84: Spare DI | G84: =CONCATENATE(C84,E84,D84,E84,F84) -> RM11_DI12_Spare DI | I84: Safe

Sheet Device
D1: Device | G1: PLC Tag | J1: IP Adress
C2: 1 | D2: PLC | E2: PLC01 | J2: 192.052.020.031
C3: 2 | D3: AENTR IO 01 | E3: RIO01 | J3: 192.052.020.033
C4: 3 | D4: AENTR IO 02 | E4: RIO02 | J4: 192.052.020.034
C5: 4 | D5: Remote Module 01 | E5: RM01 | J5: 192.052.020.035
C6: 5 | D6: Remote Module 02 | E6: RM02 | J6: 192.052.020.036
C7: 6 | D7: Scada | E7: SCADA01 | J7: 192.052.020.038
C8: 7 | D8: Tray Pusher Servo 01 | E8: TPS01 | F8: C3-SERVO | G8: FB_Servo01 | H8: _ | I8: FB_Servo01_TPS01 | J8: 192.052.020.048
C9: 8 | D9: Plate Pusher Servo 01 | E9: PPS01 | F9: C3-SERVO | G9: FB_Servo02 | H9: _ | I9: FB_Servo02_PPS01 | J9: 192.052.020.049
C10: 9 | D10: Plate Guide Servo 01 | E10: PGS01 | F10: C3-SERVO | G10: FB_Servo03 | H10: _ | I10: FB_Servo03_PGS01 | J10: 192.052.020.050
C11: 10 | D11: Tray Pusher Servo 02 | E11: TPS02 | F11: C3-SERVO | G11: FB_Servo04 | H11: _ | I11: FB_Servo04_TPS02 | J11: 192.052.020.051
C12: 11 | D12: Plate Pusher Servo 02 | E12: PPS02 | F12: C3-SERVO | G12: FB_Servo05 | H12: _ | I12: FB_Servo05_PPS02 | J12: 192.052.020.052
C13: 12 | D13: Plate Guide Servo 02 | E13: PGS02 | F13: C3-SERVO | G13: FB_Servo06 | H13: _ | I13: FB_Servo06_PGS02 | J13: 192.052.020.053
C14: 13 | D14: Printer Assembly Servo Slide | E14: PASS01 | F14: C5-SERVO | G14: FB_Servo07 | H14: _ | I14: FB_Servo07_PASS01 | J14: 192.052.020.047
C15: 14 | D15: Tray Insertion Servo Slide | E15: TIS01 | F15: C3-SERVO | G15: FB_Servo08 | H15: _ | I15: FB_Servo08_TIS01 | J15: 192.052.020.055
C16: 15 | D16: Tray Stacker Servo 01 | E16: TST01 | F16: CMMT-ST | G16: FB_Servo09 | H16: _ | I16: FB_Servo09_TST01 | J16: 192.052.020.044
C17: 16 | D17: Tray Stacker Servo 02 | E17: TST02 | F17: CMMT-ST | G17: FB_Servo10 | H17: _ | I17: FB_Servo10_TST02 | J17: 192.052.020.045
C18: 17 | D18: Plate Feeding Conveyor | E18: PFC01 | F18: PF525 | G18: FB_Drive01 | H18: _ | I18: FB_Drive01_PFC01 | J18: 192.052.020.046
C19: 18 | D19: Tray Feeding Conveyor | E19: TFC01 | F19: PF525 | G19: FB_Drive02 | H19: _ | I19: FB_Drive02_TFC01 | J19: 192.052.020.054
... C23: 22 | D23: Vacuum Pump | E23: VPM01 | F23: DOL | G23: FB_DOL03 | H23: _ | I23: FB_DOL03_VPM01 | J23: NA
B24: New Added | C24: 23 | D24: Bag Sealer Vacuum Pump | E24: BSVPM01 | F24: DOL | G24: FB_DOL04 | H24: _ | I24: FB_DOL04_BSVP01 | J24: 192.052.020.040
C25: 24 | D25: Plate Handling ROBOT-1 | E25: Robot 01 | F25: ABB | G25: FB_ROB01 | H25: _ | I25: FB_ROB01_Robot 01 | J25: 192.052.020.041
C26: 25 | D26: Plate Handling ROBOT-2 | E26: Robot 02 | F26: ABB | G26: FB_ROB02 | H26: _ | I26: FB_ROB02_Robot 02 | J26: 192.052.020.039
C27: 26 | D27: Tray Transfer ROBOT | E27: Robot 03 | F27: ABB | G27: FB_ROB03 | H27: _ | I27: FB_ROB03_Robot 03 | J27: 192.052.020.057
C28: 27 | D28: Bag Transfer Robot | E28: Robot 04 | F28: ABB | G28: FB_ROB04 | H28: _ | I28: FB_ROB04_Robot 04
C29: 28 | H29: _ | I29: =CONCATENATE(G29,H29,E29) -> _
C30: 29 | H30: _ | I30: =CONCATENATE(G30,H30,E30) -> _
D33: Description | E33: Cyl Qty | G33: PLC Tag /FB No | I33: FB Description | J33: Pos01 | K33: Pos02 | L33: IP01 | M33: IP02 | N33: OP01 | O33: OP02
C34: 1 | D34: Plate Infeed Conveyor Diverter | E34: 1 | G34: FB_PV01 | H34: _ | I34: =CONCATENATE(G34,H34,D34) -> FB_PV01_Plate Infeed Conveyor Diverter | J34: Pos01 | K34: Pos02
B35: Plate Handling ROBOT 01 Gripper | C35: 2 | D35: Linear Feeder 01 Exit Stopper | E35: 1 | G35: FB_PV02 | H35: _ | I35: =CONCATENATE(G35,H35,D35) -> FB_PV02_Linear Feeder 01 Exit Stopper | J35: Open | K35: Close
B36: Plate Handling ROBOT 01 Swing | C36: 3 | D36: Linear Feeder 02 Exit Stopper | E36: 1 | G36: FB_PV03 | H36: _ | I36: =CONCATENATE(G36,H36,D36) -> FB_PV03_Linear Feeder 02 Exit Stopper | J36: Open | K36: Close
B37: Tray 01 Side Guide | C37: 4 | D37: Plate Handling ROBOT 01 Gripper | E37: 1 | G37: FB_PV04 | H37: _ | I37: =CONCATENATE(G37,H37,D37) -> FB_PV04_Plate Handling ROBOT 01 Gripper | J37: Fwd | K37: Rev
B38: Tray 01 Front Guide | C38: 5 | D38: Tray 01 Side Guide | E38: 1 | G38: FB_PV05 | H38: _ | I38: =CONCATENATE(G38,H38,D38) -> FB_PV05_Tray 01 Side Guide | J38: Fwd | K38: Rev
B39: Tray 01 Stopper 01/02 | C39: 6 | D39: Tray 01 Front Guide | E39: 1 | G39: FB_PV06 | H39: _ | I39: =CONCATENATE(G39,H39,D39) -> FB_PV06_Tray 01 Front Guide | J39: Up | K39: Down
B40: Tray 01 Pusher UP FB | C40: 7 | D40: Tray 01 Stopper 01/02 | E40: 2 | G40: FB_PV07 | H40: _ | I40: =CONCATENATE(G40,H40,D40) -> FB_PV07_Tray 01 Stopper 01/02 | J40: Up | K40: Down
B41: Plate Handling ROBOT 02 Gripper | C41: 8 | D41: Tray 01 Pusher UP FB | E41: 1 | G41: FB_PV08 | H41: _ | I41: =CONCATENATE(G41,H41,D41) -> FB_PV08_Tray 01 Pusher UP FB | J41: Open | K41: Close
B42: Plate Handling ROBOT 02 Swing | C42: 9 | D42: Plate Handling ROBOT 02 Gripper | E42: 1 | G42: FB_PV09 | H42: _ | I42: =CONCATENATE(G42,H42,D42) -> FB_PV09_Plate Handling ROBOT 02 Gripper | J42: Open | K42: Close
C43: 10 | D43: Tray 02 Side Guide | E43: 1 | G43: FB_PV10 | H43: _ | I43: =CONCATENATE(G43,H43,D43) -> FB_PV10_Tray 02 Side Guide | J43: Fwd | K43: Rev
C44: 11 | D44: Tray 02 Front Guide | E44: 1 | G44: FB_PV11 | H44: _ | I44: =CONCATENATE(G44,H44,D44) -> FB_PV11_Tray 02 Front Guide | J44: Fwd | K44: Rev
C45: 12 | D45: Tray 02 Stopper 01/02 | E45: 2 | G45: FB_PV12 | H45: _ | I45: =CONCATENATE(G45,H45,D45) -> FB_PV12_Tray 02 Stopper 01/02 | J45: Up | K45: Down
C46: 13 | D46: Tray 02 Pusher UP FB | E46: 1 | G46: FB_PV13 | H46: _ | I46: =CONCATENATE(G46,H46,D46) -> FB_PV13_Tray 02 Pusher UP FB | J46: Up | K46: Down
C47: 14 | D47: Tray Insertion Servo Slide Pusher | E47: 1 | G47: FB_PV14 | H47: _ | I47: =CONCATENATE(G47,H47,D47) -> FB_PV14_Tray Insertion Servo Slide Pusher | J47: Up | K47: Down
C48: 15 | D48: Tray Insertion Servo Tray Stopper | E48: 1 | G48: FB_PV15 | H48: _ | I48: =CONCATENATE(G48,H48,D48) -> FB_PV15_Tray Insertion Servo Tray Stopper | J48: Up | K48: Down
C49: 16 | D49: Bag Opening Swing Arm1/2 | E49: 2 | G49: FB_PV16 | H49: _ | I49: =CONCATENATE(G49,H49,D49) -> FB_PV16_Bag Opening Swing Arm1/2 | J49: In | K49: Out
C50: 17 | D50: Bag Opening Swing Arm Stretch | E50: 1 | G50: FB_PV17 | H50: _ | I50: =CONCATENATE(G50,H50,D50) -> FB_PV17_Bag Opening Swing Arm Stretch | J50: In | K50: Out
C51: 18 | D51: Bag Opening Vacuum Cup Lifter | E51: 1 | G51: FB_PV18 | H51: _ | I51: =CONCATENATE(G51,H51,D51) -> FB_PV18_Bag Opening Vacuum Cup Lifter | J51: Up | K51: Down
C52: 19 | D52: Tray Stacker Safety Cover Slide | E52: 1 | G52: FB_PV19 | H52: _ | I52: =CONCATENATE(G52,H52,D52) -> FB_PV19_Tray Stacker Safety Cover Slide | J52: Pos01 | K52: Pos02
C53: 20 | D53: Tray Stacker 01 Tray Centering | E53: 1 | G53: FB_PV20 | H53: _ | I53: =CONCATENATE(G53,H53,D53) -> FB_PV20_Tray Stacker 01 Tray Centering | J53: In | K53: Out
C54: 21 | D54: Tray Stacker 01 Tray Referencing | E54: 1 | G54: FB_PV21 | H54: _ | I54: =CONCATENATE(G54,H54,D54) -> FB_PV21_Tray Stacker 01 Tray Referencing | J54: Fwd | K54: Rev
... C57: 24 | D57: Tray Transfer ROBOT Tray Lifter | E57: 1 | G57: FB_PV24 | H57: _ | I57: =CONCATENATE(G57,H57,D57) -> FB_PV24_Tray Transfer ROBOT Tray Lifter | J57: Up | K57: Down
C58: 25 | D58: Tray Transfer ROBOT Tray Vacuum Cup | E58: 1 | G58: FB_PV25 | H58: _ | I58: =CONCATENATE(G58,H58,D58) -> FB_PV25_Tray Transfer ROBOT Tray Vacuum Cup | J58: On
C59: 26 | D59: Bag Transfer Robot Vacuum Cup | E59: 1 | G59: FB_PV26 | H59: _ | I59: =CONCATENATE(G59,H59,D59) -> FB_PV26_Bag Transfer Robot Vacuum Cup | J59: On
C60: 27 | D60: Sealing Unit Heating Jaw | E60: 1 | G60: FB_PV27 | H60: _ | I60: =CONCATENATE(G60,H60,D60) -> FB_PV27_Sealing Unit Heating Jaw | J60: Up | K60: Down
C61: 28 | D61: Sealing Unit Vacuum Jaw | E61: 2 | G61: FB_PV28 | H61: _ | I61: =CONCATENATE(G61,H61,D61) -> FB_PV28_Sealing Unit Vacuum Jaw | J61: Fwd | K61: Rev
B62: New Added | C62: 29 | D62: Sealing Unit Bag Opening Cylinder | E62: 1 | G62: FB_PV29 | H62: _ | I62: =CONCATENATE(G62,H62,D62) -> FB_PV29_Sealing Unit Bag Opening Cylinder | J62: Up | K62: Down
B63: New Added | C63: 30 | D63: Tray Feeding Conveyor Buffer Stopper | E63: 1 | G63: FB_PV30 | H63: _ | I63: =CONCATENATE(G63,H63,D63) -> FB_PV30_Tray Feeding Conveyor Buffer Stopper | J63: Up | K63: Down
B64: New Added | C64: 31 | D64: Bag Opening Bottom Vacuum Cup | E64: 1 | G64: FB_PV31 | H64: _ | I64: =CONCATENATE(G64,H64,D64) -> FB_PV31_Bag Opening Bottom Vacuum Cup | J64: On
C65: 32 | E65: 1 | G65: FB_PV32 | H65: _ | I65: =CONCATENATE(G65,H65,D65) -> FB_PV32_
C66: 33 | E66: 1 | G66: FB_PV33 | H66: _ | I66: =CONCATENATE(G66,H66,D66) -> FB_PV33_
C67: 34 | G67: FB_PV34 | H67: _ | I67: =CONCATENATE(G67,H67,D67) -> FB_PV34_

Sheet Alarms
B1: Alarm
B2: Communication_Alarm
B3: SR.No | C3: ErrorCode_ | F3: Device | G3: Alarm Description | H3: Alarm_Message
B4: 1 | C4: E001 | F4: AENTR IO 01 | G4: Communication Faulted | H4: =CONCATENATE(C4,D4,E4,F4,D4,G4) -> E001 AENTR IO 01 Communication Faulted
B5: 2 | C5: E002 | F5: AENTR IO 02 | G5: Communication Faulted | H5: =CONCATENATE(C5,D5,E5,F5,D5,G5) -> E002 AENTR IO 02 Communication Faulted
B6: 3 | C6: E003 | F6: Remote IO 01 | G6: Communication Faulted | H6: =CONCATENATE(C6,D6,E6,F6,D6,G6) -> E003 Remote IO 01 Communication Faulted
B7: 4 | C7: E004 | F7: Remote IO 02 | G7: Communication Faulted | H7: =CONCATENATE(C7,D7,E7,F7,D7,G7) -> E004 Remote IO 02 Communication Faulted
B8: 5 | C8: E005 | F8: Tray Pusher Servo 01 | G8: Drive Communication Faulted | H8: =CONCATENATE(C8,D8,E8,F8,D8,G8) -> E005 Tray Pusher Servo 01 Drive Communication Faulted
B9: 6 | C9: E006 | F9: Plate Pusher Servo 01 | G9: Drive Communication Faulted | H9: =CONCATENATE(C9,D9,E9,F9,D9,G9) -> E006 Plate Pusher Servo 01 Drive Communication Faulted
B10: 7 | C10: E007 | F10: Plate Guide Servo 01 | G10: Drive Communication Faulted | H10: =CONCATENATE(C10,D10,E10,F10,D10,G10) -> E007 Plate Guide Servo 01 Drive Communication Faulted
B11: 8 | C11: E008 | F11: Tray Pusher Servo 02 | G11: Drive Communication Faulted | H11: =CONCATENATE(C11,D11,E11,F11,D11,G11) -> E008 Tray Pusher Servo 02 Drive Communication Faulted
B12: 9 | C12: E009 | F12: Plate Pusher Servo 02 | G12: Drive Communication Faulted | H12: =CONCATENATE(C12,D12,E12,F12,D12,G12) -> E009 Plate Pusher Servo 02 Drive Communication Faulted
B13: 10 | C13: E010 | F13: Plate Guide Servo 02 | G13: Drive Communication Faulted | H13: =CONCATENATE(C13,D13,E13,F13,D13,G13) -> E010 Plate Guide Servo 02 Drive Communication Faulted
B14: 11 | C14: E011 | F14: Printer Assembly Servo Slide | G14: Drive Communication Faulted | H14: =CONCATENATE(C14,D14,E14,F14,D14,G14) -> E011 Printer Assembly Servo Slide Drive Communication Faulted
B15: 12 | C15: E012 | F15: Tray Insertion Servo Slide | G15: Drive Communication Faulted | H15: =CONCATENATE(C15,D15,E15,F15,D15,G15) -> E012 Tray Insertion Servo Slide Drive Communication Faulted
... B25: 22 | C25: E022 | F25: Valve Bank | G25: Communication Faulted | H25: =CONCATENATE(C25,D25,E25,F25,D25,G25) -> E022 Valve Bank Communication Faulted
B26: 23 | C26: E023 | F26: Spare | H26: =CONCATENATE(C26,D26,E26,F26,D26,G26) -> E023 Spare
B27: 24 | C27: E024 | F27: Spare | H27: =CONCATENATE(C27,D27,E27,F27,D27,G27) -> E024 Spare
B28: 25 | C28: E025 | H28: =CONCATENATE(C28,D28,E28,F28,D28,G28) -> E025
B29: 26 | C29: E026 | H29: =CONCATENATE(C29,D29,E29,F29,D29,G29) -> E026
B30: 27 | C30: E027 | H30: =CONCATENATE(C30,D30,E30,F30,D30,G30) -> E027
B31: 28 | C31: E028 | H31: =CONCATENATE(C31,D31,E31,F31,D31,G31) -> E028
B32: 29 | C32: E029 | H32: =CONCATENATE(C32,D32,E32,F32,D32,G32) -> E029
B33: 30 | C33: E030 | H33: =CONCATENATE(C33,D33,E33,F33,D33,G33) -> E030
B34: 31 | C34: E031 | H34: =CONCATENATE(C34,D34,E34,F34,D34,G34) -> E031
B35: 32 | C35: E032 | H35: =CONCATENATE(C35,D35,E35,F35,D35,G35) -> E032
B36: 33 | C36: E101 | F36: Air Pressure | G36: Low | H36: =CONCATENATE(C36,D36,E36,F36,D36,G36) -> E101 Air Pressure Low
B37: 34 | C37: E102 | F37: E-Stop At HMI | G37: Pressed | H37: =CONCATENATE(C37,D37,E37,F37,D37,G37) -> E102 E-Stop At HMI Pressed
B38: 35 | C38: E103 | F38: E-Stop At Fame 02 | G38: Pressed | H38: =CONCATENATE(C38,D38,E38,F38,D38,G38) -> E103 E-Stop At Fame 02 Pressed
B39: 36 | C39: E104 | F39: Frame 01 Door 01 | G39: Open | H39: =CONCATENATE(C39,D39,E39,F39,D39,G39) -> E104 Frame 01 Door 01 Open
B40: 37 | C40: E105 | F40: Frame 01 Door 02 | G40: Open | H40: =CONCATENATE(C40,D40,E40,F40,D40,G40) -> E105 Frame 01 Door 02 Open
B41: 38 | C41: E106 | F41: Frame 01 Door 03 | G41: Open | H41: =CONCATENATE(C41,D41,E41,F41,D41,G41) -> E106 Frame 01 Door 03 Open
B42: 39 | C42: E107 | F42: Frame 01 Tray 01 Door 04 | G42: Open | H42: =CONCATENATE(C42,D42,E42,F42,D42,G42) -> E107 Frame 01 Tray 01 Door 04 Open
B43: 40 | C43: E108 | F43: Frame 01 Tray 02 Door 05 | G43: Open | H43: =CONCATENATE(C43,D43,E43,F43,D43,G43) -> E108 Frame 01 Tray 02 Door 05 Open
B44: 41 | C44: E109 | F44: Frame 02 Door 01 | G44: Open | H44: =CONCATENATE(C44,D44,E44,F44,D44,G44) -> E109 Frame 02 Door 01 Open
B45: 42 | C45: E110 | F45: Frame 02 Door 02 | G45: Open | H45: =CONCATENATE(C45,D45,E45,F45,D45,G45) -> E110 Frame 02 Door 02 Open
B46: 43 | C46: E111 | F46: Frame 02 Door 03 | G46: Open | H46: =CONCATENATE(C46,D46,E46,F46,D46,G46) -> E111 Frame 02 Door 03 Open
B47: 44 | C47: E112 | F47: Frame 02 Door 04 | G47: Open | H47: =CONCATENATE(C47,D47,E47,F47,D47,G47) -> E112 Frame 02 Door 04 Open
... B51: 48 | C51: E116 | F51: Frame 02 Bag Bin 02 Door 08 | G51: Open | H51: =CONCATENATE(C51,D51,E51,F51,D51,G51) -> E116 Frame 02 Bag Bin 02 Door 08 Open
B52: 49 | C52: E117 | F52: Tray Stacker Safety Cover | H52: =CONCATENATE(C52,D52,E52,F52,D52,G52) -> E117 Tray Stacker Safety Cover
B53: 50 | C53: E118 | F53: Bag Bin Safety Cover | H53: =CONCATENATE(C53,D53,E53,F53,D53,G53) -> E118 Bag Bin Safety Cover
B54: 51 | C54: E119 | H54: =CONCATENATE(C54,D54,E54,F54,D54,G54) -> E119
B55: 52 | C55: E120 | H55: =CONCATENATE(C55,D55,E55,F55,D55,G55) -> E120
B56: 54 | C56: E201 | E56: FB_Servo01 | F56: Tray Pusher Servo 01 | G56: MPCB Tripped | H56: =CONCATENATE(C56,D56,F56,D56,G56) -> E201 Tray Pusher Servo 01 MPCB Tripped
B57: 55 | C57: E202 | E57: FB_Servo01 | F57: Tray Pusher Servo 01 | G57: Drive Not Ready | H57: =CONCATENATE(C57,D57,F57,D57,G57) -> E202 Tray Pusher Servo 01 Drive Not Ready
B58: 56 | C58: E203 | E58: FB_Servo01 | F58: Tray Pusher Servo 01 | G58: Drive Faulted | H58: =CONCATENATE(C58,D58,F58,D58,G58) -> E203 Tray Pusher Servo 01 Drive Faulted
B59: 57 | C59: E204 | E59: FB_Servo02 | F59: Plate Pusher Servo 01 | G59: MPCB Tripped | H59: =CONCATENATE(C59,D59,F59,D59,G59) -> E204 Plate Pusher Servo 01 MPCB Tripped
B60: 58 | C60: E205 | E60: FB_Servo02 | F60: Plate Pusher Servo 01 | G60: Drive Not Ready | H60: =CONCATENATE(C60,D60,F60,D60,G60) -> E205 Plate Pusher Servo 01 Drive Not Ready
B61: 59 | C61: E206 | E61: FB_Servo02 | F61: Plate Pusher Servo 01 | G61: Drive Faulted | H61: =CONCATENATE(C61,D61,F61,D61,G61) -> E206 Plate Pusher Servo 01 Drive Faulted
B62: 60 | C62: E207 | E62: FB_Servo03 | F62: Plate Guide Servo 01 | G62: MPCB Tripped | H62: =CONCATENATE(C62,D62,F62,D62,G62) -> E207 Plate Guide Servo 01 MPCB Tripped
B63: 61 | C63: E208 | E63: FB_Servo03 | F63: Plate Guide Servo 01 | G63: Drive Not Ready | H63: =CONCATENATE(C63,D63,F63,D63,G63) -> E208 Plate Guide Servo 01 Drive Not Ready
B64: 62 | C64: E209 | E64: FB_Servo03 | F64: Plate Guide Servo 01 | G64: Drive Faulted | H64: =CONCATENATE(C64,D64,F64,D64,G64) -> E209 Plate Guide Servo 01 Drive Faulted
B65: 63 | C65: E210 | E65: FB_Servo04 | F65: Tray Pusher Servo 02 | G65: MPCB Tripped | H65: =CONCATENATE(C65,D65,F65,D65,G65) -> E210 Tray Pusher Servo 02 MPCB Tripped
B66: 64 | C66: E211 | E66: FB_Servo04 | F66: Tray Pusher Servo 02 | G66: Drive Not Ready | H66: =CONCATENATE(C66,D66,F66,D66,G66) -> E211 Tray Pusher Servo 02 Drive Not Ready
B67: 65 | C67: E212 | E67: FB_Servo04 | F67: Tray Pusher Servo 02 | G67: Drive Faulted | H67: =CONCATENATE(C67,D67,F67,D67,G67) -> E212 Tray Pusher Servo 02 Drive Faulted
... B94: 92 | C94: E239 | E94: FB_Drive03 | F94: Sealing Conveyor | G94: Drive Faulted | H94: =CONCATENATE(C94,D94,F94,D94,G94) -> E239 Sealing Conveyor Drive Faulted
B95: 93 | C95: E240 | F95: Bowl Feeder Bowl Motor 01 | G95: MPCB Tripped | H95: =CONCATENATE(C95,D95,F95,D95,G95) -> E240 Bowl Feeder Bowl Motor 01 MPCB Tripped
B96: 94 | C96: E241 | F96: Bowl Feeder Linear Motor 01 | G96: MPCB Tripped | H96: =CONCATENATE(C96,D96,F96,D96,G96) -> E241 Bowl Feeder Linear Motor 01 MPCB Tripped
B97: 95 | C97: E242 | F97: Bowl Feeder Bowl Motor 02 | G97: MPCB Tripped | H97: =CONCATENATE(C97,D97,F97,D97,G97) -> E242 Bowl Feeder Bowl Motor 02 MPCB Tripped
B98: 96 | C98: E243 | F98: Bowl Feeder Linear Motor 02 | G98: MPCB Tripped | H98: =CONCATENATE(C98,D98,F98,D98,G98) -> E243 Bowl Feeder Linear Motor 02 MPCB Tripped
B99: 97 | C99: E244 | E99: FB_DOL01 | F99: Vacuum Pump | G99: MPCB Tripped | H99: =CONCATENATE(C99,D99,F99,D99,G99) -> E244 Vacuum Pump MPCB Tripped
B100: 98 | C100: E245 | E100: FB_DOL02 | F100: Bag Sealer Vacuum Pump | G100: MPCB Tripped | H100: =CONCATENATE(C100,D100,F100,D100,G100) -> E245 Bag Sealer Vacuum Pump MPCB Tripped
B101: 99 | C101: E246 | E101: FB_PV01 | F101: Plate Infeed Conveyor Diverter | G101: Both Reedswitch Present | H101: =CONCATENATE(C101,D101,F101,D101,G101) -> E246 Plate Infeed Conveyor Diverter Both Reedswitch Present
B102: 100 | C102: E247 | E102: FB_PV01 | F102: Plate Infeed Conveyor Diverter | G102: Both Reedswitch Absent | H102: =CONCATENATE(C102,D102,F102,D102,G102) -> E247 Plate Infeed Conveyor Diverter Both Reedswitch Absent
B103: 101 | C103: E248 | E103: FB_PV01 | F103: Plate Infeed Conveyor Diverter | G103: Position 01 Reedswitch Absent | H103: =CONCATENATE(C103,D103,F103,D103,G103) -> E248 Plate Infeed Conveyor Diverter Position 01 Reedswitch Absent
B104: 102 | C104: E249 | E104: FB_PV01 | F104: Plate Infeed Conveyor Diverter | G104: Position 02 Reedswitch Absent | H104: =CONCATENATE(C104,D104,F104,D104,G104) -> E249 Plate Infeed Conveyor Diverter Position 02 Reedswitch Absent
B105: 103 | C105: E250 | E105: FB_PV02 | F105: Linear Feeder 01 Exit Stopper | G105: Both Reedswitch Present | H105: =CONCATENATE(C105,D105,F105,D105,G105) -> E250 Linear Feeder 01 Exit Stopper Both Reedswitch Present
B106: 104 | C106: E251 | E106: FB_PV02 | F106: Linear Feeder 01 Exit Stopper | G106: Both Reedswitch Absent | H106: =CONCATENATE(C106,D106,F106,D106,G106) -> E251 Linear Feeder 01 Exit Stopper Both Reedswitch Absent
B107: 105 | C107: E252 | E107: FB_PV02 | F107: Linear Feeder 01 Exit Stopper | G107: Open Reedswitch Absent | H107: =CONCATENATE(C107,D107,F107,D107,G107) -> E252 Linear Feeder 01 Exit Stopper Open Reedswitch Absent
B108: 106 | C108: E253 | E108: FB_PV02 | F108: Linear Feeder 01 Exit Stopper | G108: Close Reedswitch Absent | H108: =CONCATENATE(C108,D108,F108,D108,G108) -> E253 Linear Feeder 01 Exit Stopper Close Reedswitch Absent
B109: 107 | C109: E254 | E109: FB_PV03 | F109: Linear Feeder 02 Exit Stopper | G109: Both Reedswitch Present | H109: =CONCATENATE(C109,D109,F109,D109,G109) -> E254 Linear Feeder 02 Exit Stopper Both Reedswitch Present
B110: 108 | C110: E255 | E110: FB_PV03 | F110: Linear Feeder 02 Exit Stopper | G110: Both Reedswitch Absent | H110: =CONCATENATE(C110,D110,F110,D110,G110) -> E255 Linear Feeder 02 Exit Stopper Both Reedswitch Absent
... B234: 232 | C234: E379 | E234: FB_PV31 | F234: Bag Opening Bottom Vacuum Cup | G234: Vacuum Off Feedback Absent | H234: =CONCATENATE(C234,D234,F234,D234,G234) -> E379 Bag Opening Bottom Vacuum Cup Vacuum Off Feedback Absent
B235: 233 | C235: E380 | H235: =CONCATENATE(C235,D235,F235,D235,G235) -> E380
B236: 234 | C236: E381 | H236: =CONCATENATE(C236,D236,F236,D236,G236) -> E381
B237: 235 | C237: E382 | H237: =CONCATENATE(C237,D237,F237,D237,G237) -> E382
B238: 236 | C238: E383 | H238: =CONCATENATE(C238,D238,F238,D238,G238) -> E383
B239: 237 | C239: E384 | H239: =CONCATENATE(C239,D239,F239,D239,G239) -> E384
B240: 238 | C240: E385 | H240: =CONCATENATE(C240,D240,F240,D240,G240) -> E385
B241: 239 | C241: E386 | H241: =CONCATENATE(C241,D241,F241,D241,G241) -> E386
B242: 240 | C242: E387 | H242: =CONCATENATE(C242,D242,F242,D242,G242) -> E387
B243: 241 | C243: E388 | H243: =CONCATENATE(C243,D243,F243,D243,G243) -> E388
B244: 242 | C244: E389 | H244: =CONCATENATE(C244,D244,F244,D244,G244) -> E389
B245: 243 | C245: E390 | H245: =CONCATENATE(C245,D245,F245,D245,G245) -> E390
B246: 244 | C246: E391 | H246: =CONCATENATE(C246,D246,F246,D246,G246) -> E391
... B463: 461 | C463: E608 | H463: =CONCATENATE(C463,D463,F463,D463,G463) -> E608
H464: =CONCATENATE(C464,D464,F464,D464,G464)
H465: =CONCATENATE(C465,D465,F465,D465,G465)
H466: =CONCATENATE(C466,D466,F466,D466,G466)
H467: =CONCATENATE(C467,D467,F467,D467,G467)

Sheet Sheet3
J12: DI01
J13: DI02
J14: DI03
J15: DI04
J16: DI05
J17: DI06
J18: DI07
J19: DI08
J20: DI09
J21: DI10
J22: DI11
J23: DI12
